dataset,score,status
ArticularyWordRecognition,96.52777910232544,OK
AtrialFibrillation,37.5,OK
BasicMotions,100.0,OK
CharacterTrajectories,,Exception
Cricket,93.33333373069763,OK
DuckDuckGeese,,DIMENSIONALITY
EigenWorms,,LENGTH
Epilepsy,91.30434989929199,OK
EthanolConcentration,22.1374049782753,OK
ERing,98.66666793823242,OK
FaceDetection,50.254887342453,OK
FingerMovements,57.692307233810425,OK
HandMovementDirection,23.728813230991364,OK
Handwriting,58.399999141693115,OK
Heartbeat,72.81553149223328,OK
InsectWingbeat,,Exception
JapaneseVowels,,Exception
Libras,63.333332538604736,OK
LSST,22.159090638160706,OK
MotorImagery,,LENGTH
NATOPS,86.66666746139526,OK
PenDigits,99.23580884933472,OK
PEMS-SF,,DIMENSIONALITY
Phoneme,,Exception
RacketSports,82.8947365283966,OK
SelfRegulationSCP1,89.3617033958435,OK
SelfRegulationSCP2,45.26315927505493,OK
SpokenArabicDigits,,Exception
StandWalkJump,,LENGTH
UWaveGestureLibrary,94.54545378684998,OK
