dataset,score,status
DiatomSizeReduction,100.0,OK
DistalPhalanxOutlineAgeGroup,77.77777910232544,OK
DistalPhalanxOutlineCorrect,78.08219194412231,OK
DistalPhalanxTW,66.66666865348816,OK
DodgerLoopDay,55.000001192092896,OK
DodgerLoopGame,87.5,OK
DodgerLoopWeekend,97.50000238418579,OK
Earthquakes,68.1034505367279,OK
ECG200,86.00000143051147,OK
ECG5000,91.51999950408936,OK
ECGFiveDays,100.0,OK
ElectricDevices,85.55288314819336,OK
EOGHorizontalSignal,,LENGTH
EOGVerticalSignal,,LENGTH
EthanolLevel,,LENGTH
FaceAll,,Exception
FaceFour,96.42857313156128,OK
FacesUCR,,Exception
FiftyWords,62.99559473991394,OK
Fish,,Exception
FordA,86.83996796607971,OK
FordB,85.61151027679443,OK
FreezerRegularTrain,99.86666440963745,OK
FreezerSmallTrain,99.44444298744202,OK
Fungi,0.0,OK
GestureMidAirD1,,Exception
GestureMidAirD2,,Exception
GestureMidAirD3,,Exception
GesturePebbleZ1,,Exception
GesturePebbleZ2,,Exception
GunPoint,86.00000143051147,OK
GunPointAgeSpan,88.49557638168335,OK
GunPointMaleVersusFemale,100.0,OK
GunPointOldVersusYoung,100.0,OK
Ham,,Exception
HandOutlines,,LENGTH
Haptics,,LENGTH
Herring,56.25,OK
HouseTwenty,,LENGTH
InlineSkate,,LENGTH
InsectEPGRegularTrain,,Exception
InsectEPGSmallTrain,,Exception
InsectWingbeatSound,66.90909266471863,OK
ItalyPowerDemand,96.35036587715149,OK
LargeKitchenAppliances,64.89361524581909,OK
Lightning2,58.06451439857483,OK
Lightning7,66.66666865348816,OK
Mallat,,LENGTH
Meat,63.333332538604736,OK
MedicalImages,68.53147149085999,OK
MelbournePedestrian,,Exception
MiddlePhalanxOutlineAgeGroup,78.41726541519165,OK
MiddlePhalanxOutlineCorrect,69.5067286491394,OK
MiddlePhalanxTW,64.74820375442505,OK
MixedShapesRegularTrain,,LENGTH
MixedShapesSmallTrain,,LENGTH
MoteStrain,95.5974817276001,OK
NonInvasiveFatalECGThorax1,,Exception
NonInvasiveFatalECGThorax2,,Exception
OliveOil,13.333334028720856,OK
OSULeaf,56.75675868988037,OK
PhalangesOutlinesCorrect,67.06767082214355,OK
Phoneme,,LENGTH
PickupGestureWiimoteZ,,Exception
PigAirwayPressure,,LENGTH
PigArtPressure,,LENGTH
PigCVP,,LENGTH
PLAID,,Exception
Plane,96.22641801834106,OK
PowerCons,100.0,OK
ProximalPhalanxOutlineAgeGroup,74.34210777282715,OK
ProximalPhalanxOutlineCorrect,73.09417128562927,OK
ProximalPhalanxTW,48.68420958518982,OK
RefrigerationDevices,43.6170220375061,OK
Rock,,LENGTH
ScreenType,40.95744788646698,OK
SemgHandGenderCh2,,LENGTH
SemgHandMovementCh2,,LENGTH
SemgHandSubjectCh2,,LENGTH
ShakeGestureWiimoteZ,,Exception
ShapeletSim,50.0,OK
ShapesAll,69.9999988079071,OK
SmallKitchenAppliances,60.10638475418091,OK
SmoothSubspace,95.99999785423279,OK
SonyAIBORobotSurface1,99.35897588729858,OK
SonyAIBORobotSurface2,97.95918464660645,OK
StarLightCurves,,LENGTH
Strawberry,77.64227390289307,OK
SwedishLeaf,82.26950168609619,OK
Symbols,95.686274766922,OK
SyntheticControl,89.33333158493042,OK
ToeSegmentation1,,Exception
ToeSegmentation2,80.95238208770752,OK
Trace,68.00000071525574,OK
TwoLeadECG,98.96907210350037,OK
TwoPatterns,99.91999864578247,OK
UMD,93.33333373069763,OK
UWaveGestureLibraryAll,95.53571343421936,OK
UWaveGestureLibraryX,81.60714507102966,OK
UWaveGestureLibraryY,72.58928418159485,OK
UWaveGestureLibraryZ,75.98214149475098,OK
Wafer,99.83249306678772,OK
Wine,60.71428656578064,OK
WordSynonyms,67.84141063690186,OK
Worms,50.76923370361328,OK
WormsTwoClass,50.76923370361328,OK
Yoga,91.39394164085388,OK
