dataset,data_type,rules_combination,method,final_metric,avg_confidence,avg_coverage,explained_ratio,metric_con_xratio,metric_con_cov_xratio,avg_features_count,median_features_count,filename,metric_used,candidate_type
Wafer,univariate,anchor_ts,benchmark,43.47572871108541,0.9624220218742195,0.4929622938458658,92.4064768285874,88.9340282636423,43.84112257379817,1.7828029034059183,2.0,anchor_ts_best_5dc42d1f2867.pickle,final_metric,best
Wafer,univariate,anchor_ts,weighted,43.47572871108541,0.9624220218742195,0.4929622938458658,92.4064768285874,88.9340282636423,43.84112257379817,1.7828029034059183,2.0,anchor_ts_weighted_5dc42d1f2867.pickle,final_metric,best
Strawberry,univariate,anchor_ts,lasso_global,37.95029413708772,0.8287397519878054,0.4919525414766342,100.0,82.87397519878054,40.77006272131163,1.016260162601626,1.0,anchor_ts_lasso_global_5dc42d1f2867.pickle,final_metric,best
Fungi,univariate,anchor_ts,lasso_global,37.79315647827758,0.972972972972973,0.5347111817700051,72.54901960784314,70.58823529411765,37.74431871317683,0.7647058823529411,1.0,anchor_ts_lasso_global_5dc42d1f2867.pickle,final_metric,best
DodgerLoopGame,univariate,anchor_ts+lime_to_rules_best_ts,best,6.4221334839415976,0.8613480082689642,0.15546875,80.0,68.90784066151713,10.713015852845242,28.225,3.5,anchor_ts+lime_to_rules_best_ts_best_5dc42d1f2867.pickle,final_metric,middle
DodgerLoopGame,univariate,lime_to_rules_best_ts,lasso_global,6.357954545454544,0.8067370642548998,0.2044117647058823,42.5,34.28632523083324,7.008528245714441,1.675,0.0,lime_to_rules_best_ts_lasso_global_5dc42d1f2867.pickle,final_metric,middle
UMD,univariate,shap_to_rules_best_ts,lasso,6.354633021299685,0.9741269841269842,0.0711111111111111,100.0,97.41269841269842,6.927125220458554,5.066666666666666,4.0,shap_to_rules_best_ts_lasso_5dc42d1f2867.pickle,final_metric,middle
DiatomSizeReduction,univariate,lime_to_rules_best_ts+shap_to_rules_best_ts,weighted,6.353947284561813,0.8860249324235081,0.1697978171408122,85.18518518518519,75.47619794718773,12.815693657520333,20.814814814814813,17.0,lime_to_rules_best_ts+shap_to_rules_best_ts_weighted_5dc42d1f2867.pickle,final_metric,middle
BasicMotions,multivariate,lime_to_rules_best_ts,benchmark,0.015081089782285,0.75,0.0375,20.0,15.0,0.5625000000000001,98.8,0.0,lime_to_rules_best_ts_best_5dc42d1f2867.pickle,final_metric,worst
ECGFiveDays,univariate,lime_to_rules_best_ts+shap_to_rules_best_ts,intersection,0.0,0.0,0.0,0.0,0.0,0.0,0.0,0.0,lime_to_rules_best_ts+shap_to_rules_best_ts_intersection_5dc42d1f2867.pickle,final_metric,worst
GunPoint,univariate,lime_to_rules_best_ts+shap_to_rules_best_ts,intersection,0.0,0.0,0.0,0.0,0.0,0.0,0.0,0.0,lime_to_rules_best_ts+shap_to_rules_best_ts_intersection_5dc42d1f2867.pickle,final_metric,worst
ECGFiveDays,univariate,anchor_ts+lime_to_rules_best_ts+shap_to_rules_best_ts,intersection,0.0,0.0,0.0,0.0,0.0,0.0,0.0,0.0,anchor_ts+lime_to_rules_best_ts+shap_to_rules_best_ts_intersection_5dc42d1f2867.pickle,final_metric,worst
DodgerLoopGame,univariate,lime_to_rules_best_ts,benchmark,5.153699140507254,0.8473869693079252,0.1429687499999999,80.0,67.79095754463401,9.691988461459394,31.35,6.0,lime_to_rules_best_ts_best_5dc42d1f2867.pickle,final_metric,benchmark
DodgerLoopGame,univariate,shap_to_rules_best_ts,benchmark,2.564673913043478,0.924561403508772,0.0618421052631579,47.5,43.91666666666666,2.7158991228070177,2.8,0.0,shap_to_rules_best_ts_best_5dc42d1f2867.pickle,final_metric,benchmark
DodgerLoopGame,univariate,anchor_ts,benchmark,2.8125,0.8616477272727273,0.165625,20.0,17.232954545454547,2.8542080965909093,0.475,0.0,anchor_ts_best_5dc42d1f2867.pickle,final_metric,benchmark
ECGFiveDays,univariate,anchor_ts,benchmark,18.472185254192173,0.9504670620846288,0.1983988861816915,100.0,95.0467062084629,18.85716064699751,2.248868778280543,2.0,anchor_ts_best_5dc42d1f2867.pickle,final_metric,benchmark
ECGFiveDays,univariate,shap_to_rules_best_ts,benchmark,8.834984350363808,0.8808901682669298,0.1066931471509592,100.0,88.08901682669298,9.398494434673676,5.475113122171946,5.0,shap_to_rules_best_ts_best_5dc42d1f2867.pickle,final_metric,benchmark
ECGFiveDays,univariate,lime_to_rules_best_ts,benchmark,14.130806349368925,0.6302180318081526,0.2737658934092258,100.0,63.02180318081526,17.25322025205628,8.266968325791856,8.0,lime_to_rules_best_ts_best_5dc42d1f2867.pickle,final_metric,benchmark
UMD,univariate,shap_to_rules_best_ts,benchmark,3.967297356426099,0.9788888888888888,0.0637037037037037,100.0,97.88888888888889,6.235884773662551,22.844444444444445,20.0,shap_to_rules_best_ts_best_5dc42d1f2867.pickle,final_metric,benchmark
UMD,univariate,anchor_ts,benchmark,11.619225589225591,0.7595184784351451,0.1817283950617284,100.0,75.95184784351451,13.802607410574488,2.3777777777777778,2.0,anchor_ts_best_5dc42d1f2867.pickle,final_metric,benchmark
UMD,univariate,lime_to_rules_best_ts,benchmark,2.0050036875831823,0.7633859497989933,0.124074074074074,53.333333333333336,40.71391732261298,5.05154159373161,8.28888888888889,1.0,lime_to_rules_best_ts_best_5dc42d1f2867.pickle,final_metric,benchmark
DiatomSizeReduction,univariate,shap_to_rules_best_ts,benchmark,6.1517357831808095,0.9503561474078864,0.1132228719948018,93.82716049382717,89.16921876913503,10.095995042574256,19.48148148148148,17.0,shap_to_rules_best_ts_best_5dc42d1f2867.pickle,final_metric,benchmark
DiatomSizeReduction,univariate,lime_to_rules_best_ts,benchmark,3.30435958408097,0.8115575426843572,0.2197835695778082,100.0,81.15575426843571,17.83670136489625,53.901234567901234,53.0,lime_to_rules_best_ts_best_5dc42d1f2867.pickle,final_metric,benchmark
Strawberry,univariate,anchor_ts,benchmark,0.8377949633154868,0.9609504859329544,0.2021433850702143,4.471544715447155,4.296933067179878,0.8685965956198792,0.1138211382113821,0.0,anchor_ts_best_5dc42d1f2867.pickle,final_metric,benchmark
Fungi,univariate,anchor_ts,benchmark,31.37254901960784,0.9976689976689976,0.4854426619132501,64.70588235294117,64.55505279034689,31.33777666649638,0.7843137254901961,1.0,anchor_ts_best_5dc42d1f2867.pickle,final_metric,benchmark
GunPoint,univariate,shap_to_rules_best_ts,benchmark,26.31780221391836,0.7613802951577452,0.4128,100.0,76.13802951577452,31.429778584111723,9.32,9.0,shap_to_rules_best_ts_best_5dc42d1f2867.pickle,final_metric,benchmark
GunPoint,univariate,lime_to_rules_best_ts,benchmark,13.810081891964249,0.6580316874201314,0.242,100.0,65.80316874201314,15.92436683556718,9.34,9.0,lime_to_rules_best_ts_best_5dc42d1f2867.pickle,final_metric,benchmark
Wafer,univariate,shap_to_rules_best_ts,benchmark,4.881875585750545,0.9915611992767872,0.0576403950392822,100.0,99.15611992767872,5.715397923193851,19.13958682300391,12.0,shap_to_rules_best_ts_best_5dc42d1f2867.pickle,final_metric,benchmark
Wafer,univariate,lime_to_rules_best_ts,benchmark,4.7414683302855725,0.962925508779382,0.0724516371760135,96.2032384142937,92.63655229630795,6.711669876208909,70.2786152987158,66.0,lime_to_rules_best_ts_best_5dc42d1f2867.pickle,final_metric,benchmark
Wafer,univariate,anchor_ts,benchmark,43.47572871108541,0.9624220218742195,0.4929622938458658,92.4064768285874,88.9340282636423,43.84112257379817,1.7828029034059183,2.0,anchor_ts_best_5dc42d1f2867.pickle,final_metric,benchmark
BasicMotions,multivariate,shap_to_rules_best_ts,benchmark,0.3920221574954993,0.9,0.05,100.0,90.0,4.500000000000001,131.9,122.0,shap_to_rules_best_ts_best_5dc42d1f2867.pickle,final_metric,benchmark
BasicMotions,multivariate,lime_to_rules_best_ts,benchmark,0.015081089782285,0.75,0.0375,20.0,15.0,0.5625000000000001,98.8,0.0,lime_to_rules_best_ts_best_5dc42d1f2867.pickle,final_metric,benchmark
DodgerLoopDay,univariate,lime_to_rules_best_ts+shap_to_rules_best_ts,best,0.8242365077163253,1.0,0.025,100.0,100.0,2.5,77.975,55.0,lime_to_rules_best_ts+shap_to_rules_best_ts_best_5dc42d1f2867.pickle,metric_con_xratio,best
Plane,univariate,lime_to_rules_best_ts+shap_to_rules_best_ts,lasso,0.8899257707942327,1.0,0.0234959060163759,100.0,100.0,2.349590601637593,27.69811320754717,29.0,lime_to_rules_best_ts+shap_to_rules_best_ts_lasso_5dc42d1f2867.pickle,metric_con_xratio,best
DodgerLoopDay,univariate,lime_to_rules_best_ts+shap_to_rules_best_ts,lasso,0.8648495717026777,1.0,0.025,100.0,100.0,2.5,32.7,36.5,lime_to_rules_best_ts+shap_to_rules_best_ts_lasso_5dc42d1f2867.pickle,metric_con_xratio,best
DodgerLoopDay,univariate,anchor_ts+lime_to_rules_best_ts+shap_to_rules_best_ts,lasso,0.8699946710888973,1.0,0.025,100.0,100.0,2.5,32.475,36.0,anchor_ts+lime_to_rules_best_ts+shap_to_rules_best_ts_lasso_5dc42d1f2867.pickle,metric_con_xratio,best
DistalPhalanxOutlineCorrect,univariate,anchor_ts,benchmark,15.295575268914362,0.7510044330913581,0.228122849815475,100.0,75.10044330913581,17.132127150085587,2.3424657534246576,2.0,anchor_ts_best_5dc42d1f2867.pickle,metric_con_xratio,middle
GunPoint,univariate,shap_to_rules_best_ts,lasso,31.384696223316915,0.7488393039960645,0.4604000000000001,100.0,74.88393039960644,34.47656155597881,2.28,1.0,shap_to_rules_best_ts_lasso_5dc42d1f2867.pickle,metric_con_xratio,middle
DistalPhalanxOutlineCorrect,univariate,anchor_ts,weighted,15.295575268914362,0.7510044330913581,0.228122849815475,100.0,75.10044330913581,17.132127150085587,2.3424657534246576,2.0,anchor_ts_weighted_5dc42d1f2867.pickle,metric_con_xratio,middle
DodgerLoopDay,univariate,anchor_ts+lime_to_rules_best_ts,intersection,0.8616587002089395,0.8808823529411764,0.0367647058823529,85.0,74.875,2.7527573529411766,56.25,25.5,anchor_ts+lime_to_rules_best_ts_intersection_5dc42d1f2867.pickle,metric_con_xratio,middle
Wafer,univariate,shap_to_rules_best_ts,lasso_global,0.158731336926073,0.618142086516409,0.2102842253596022,1.1725293132328307,0.724789716183394,0.152411844016231,0.0139586823003908,0.0,shap_to_rules_best_ts_lasso_global_5dc42d1f2867.pickle,metric_con_xratio,worst
ECGFiveDays,univariate,lime_to_rules_best_ts+shap_to_rules_best_ts,intersection,0.0,0.0,0.0,0.0,0.0,0.0,0.0,0.0,lime_to_rules_best_ts+shap_to_rules_best_ts_intersection_5dc42d1f2867.pickle,metric_con_xratio,worst
GunPoint,univariate,lime_to_rules_best_ts+shap_to_rules_best_ts,intersection,0.0,0.0,0.0,0.0,0.0,0.0,0.0,0.0,lime_to_rules_best_ts+shap_to_rules_best_ts_intersection_5dc42d1f2867.pickle,metric_con_xratio,worst
ECGFiveDays,univariate,anchor_ts+lime_to_rules_best_ts+shap_to_rules_best_ts,intersection,0.0,0.0,0.0,0.0,0.0,0.0,0.0,0.0,anchor_ts+lime_to_rules_best_ts+shap_to_rules_best_ts_intersection_5dc42d1f2867.pickle,metric_con_xratio,worst
DodgerLoopDay,univariate,shap_to_rules_best_ts,benchmark,1.5961605214366177,0.9645833333333332,0.031875,100.0,96.45833333333331,3.074609375,46.4,30.0,shap_to_rules_best_ts_best_5dc42d1f2867.pickle,metric_con_xratio,benchmark
DodgerLoopDay,univariate,lime_to_rules_best_ts,benchmark,0.8697119154274865,0.9452991452991452,0.0314102564102564,97.5,92.16666666666666,2.894978632478632,71.5,43.0,lime_to_rules_best_ts_best_5dc42d1f2867.pickle,metric_con_xratio,benchmark
DodgerLoopDay,univariate,anchor_ts,benchmark,1.6125,0.7033068783068782,0.1222222222222222,22.5,15.82440476190476,1.9340939153439152,0.7,0.0,anchor_ts_best_5dc42d1f2867.pickle,metric_con_xratio,benchmark
ECGFiveDays,univariate,anchor_ts,benchmark,18.472185254192173,0.9504670620846288,0.1983988861816915,100.0,95.0467062084629,18.85716064699751,2.248868778280543,2.0,anchor_ts_best_5dc42d1f2867.pickle,metric_con_xratio,benchmark
ECGFiveDays,univariate,shap_to_rules_best_ts,benchmark,8.834984350363808,0.8808901682669298,0.1066931471509592,100.0,88.08901682669298,9.398494434673676,5.475113122171946,5.0,shap_to_rules_best_ts_best_5dc42d1f2867.pickle,metric_con_xratio,benchmark
ECGFiveDays,univariate,lime_to_rules_best_ts,benchmark,14.130806349368925,0.6302180318081526,0.2737658934092258,100.0,63.02180318081526,17.25322025205628,8.266968325791856,8.0,lime_to_rules_best_ts_best_5dc42d1f2867.pickle,metric_con_xratio,benchmark
Plane,univariate,shap_to_rules_best_ts,benchmark,0.451998540706792,1.0,0.0202919188323246,100.0,100.0,2.029191883232467,51.75471698113208,43.0,shap_to_rules_best_ts_best_5dc42d1f2867.pickle,metric_con_xratio,benchmark
Plane,univariate,anchor_ts,benchmark,12.353150587397652,0.9643980233602876,0.1281594873620505,100.0,96.43980233602876,12.359675628682933,4.377358490566038,4.0,anchor_ts_best_5dc42d1f2867.pickle,metric_con_xratio,benchmark
Plane,univariate,lime_to_rules_best_ts,benchmark,2.717381172108848,0.9050314465408804,0.0583837664649341,100.0,90.50314465408805,5.28391446182643,21.943396226415093,21.0,lime_to_rules_best_ts_best_5dc42d1f2867.pickle,metric_con_xratio,benchmark
DistalPhalanxOutlineCorrect,univariate,anchor_ts,benchmark,15.295575268914362,0.7510044330913581,0.228122849815475,100.0,75.10044330913581,17.132127150085587,2.3424657534246576,2.0,anchor_ts_best_5dc42d1f2867.pickle,metric_con_xratio,benchmark
GunPoint,univariate,shap_to_rules_best_ts,benchmark,26.31780221391836,0.7613802951577452,0.4128,100.0,76.13802951577452,31.429778584111723,9.32,9.0,shap_to_rules_best_ts_best_5dc42d1f2867.pickle,metric_con_xratio,benchmark
GunPoint,univariate,lime_to_rules_best_ts,benchmark,13.810081891964249,0.6580316874201314,0.242,100.0,65.80316874201314,15.92436683556718,9.34,9.0,lime_to_rules_best_ts_best_5dc42d1f2867.pickle,metric_con_xratio,benchmark
Wafer,univariate,shap_to_rules_best_ts,benchmark,4.881875585750545,0.9915611992767872,0.0576403950392822,100.0,99.15611992767872,5.715397923193851,19.13958682300391,12.0,shap_to_rules_best_ts_best_5dc42d1f2867.pickle,metric_con_xratio,benchmark
Wafer,univariate,lime_to_rules_best_ts,benchmark,4.7414683302855725,0.962925508779382,0.0724516371760135,96.2032384142937,92.63655229630795,6.711669876208909,70.2786152987158,66.0,lime_to_rules_best_ts_best_5dc42d1f2867.pickle,metric_con_xratio,benchmark
Wafer,univariate,anchor_ts,benchmark,43.47572871108541,0.9624220218742195,0.4929622938458658,92.4064768285874,88.9340282636423,43.84112257379817,1.7828029034059183,2.0,anchor_ts_best_5dc42d1f2867.pickle,metric_con_xratio,benchmark
Wafer,univariate,anchor_ts,benchmark,43.47572871108541,0.9624220218742195,0.4929622938458658,92.4064768285874,88.9340282636423,43.84112257379817,1.7828029034059183,2.0,anchor_ts_best_5dc42d1f2867.pickle,metric_con_cov_xratio,best
Wafer,univariate,anchor_ts,weighted,43.47572871108541,0.9624220218742195,0.4929622938458658,92.4064768285874,88.9340282636423,43.84112257379817,1.7828029034059183,2.0,anchor_ts_weighted_5dc42d1f2867.pickle,metric_con_cov_xratio,best
Strawberry,univariate,anchor_ts,lasso_global,37.95029413708772,0.8287397519878054,0.4919525414766342,100.0,82.87397519878054,40.77006272131163,1.016260162601626,1.0,anchor_ts_lasso_global_5dc42d1f2867.pickle,metric_con_cov_xratio,best
Fungi,univariate,anchor_ts,lasso_global,37.79315647827758,0.972972972972973,0.5347111817700051,72.54901960784314,70.58823529411765,37.74431871317683,0.7647058823529411,1.0,anchor_ts_lasso_global_5dc42d1f2867.pickle,metric_con_cov_xratio,best
GunPointAgeSpan,univariate,anchor_ts+lime_to_rules_best_ts,intersection,9.036832387088346,0.7857433524032601,0.4086413326392503,30.08849557522124,23.64183538204499,9.661031116556646,2.3628318584070795,0.0,anchor_ts+lime_to_rules_best_ts_intersection_5dc42d1f2867.pickle,metric_con_cov_xratio,middle
DodgerLoopGame,univariate,lime_to_rules_best_ts,weighted,5.153699140507254,0.8473869693079252,0.1429687499999999,80.0,67.79095754463401,9.691988461459394,31.35,6.0,lime_to_rules_best_ts_weighted_5dc42d1f2867.pickle,metric_con_cov_xratio,middle
DodgerLoopGame,univariate,lime_to_rules_best_ts,benchmark,5.153699140507254,0.8473869693079252,0.1429687499999999,80.0,67.79095754463401,9.691988461459394,31.35,6.0,lime_to_rules_best_ts_best_5dc42d1f2867.pickle,metric_con_cov_xratio,middle
Wafer,univariate,lime_to_rules_best_ts,lasso,9.312049792653688,0.9599229139503485,0.1164023882279698,87.38135120044667,83.87936126925155,9.763757974777551,6.694025683975433,7.0,lime_to_rules_best_ts_lasso_5dc42d1f2867.pickle,metric_con_cov_xratio,middle
Wafer,univariate,shap_to_rules_best_ts,lasso_global,0.158731336926073,0.618142086516409,0.2102842253596022,1.1725293132328307,0.724789716183394,0.152411844016231,0.0139586823003908,0.0,shap_to_rules_best_ts_lasso_global_5dc42d1f2867.pickle,metric_con_cov_xratio,worst
GunPoint,univariate,lime_to_rules_best_ts+shap_to_rules_best_ts,intersection,0.0,0.0,0.0,0.0,0.0,0.0,0.0,0.0,lime_to_rules_best_ts+shap_to_rules_best_ts_intersection_5dc42d1f2867.pickle,metric_con_cov_xratio,worst
ECGFiveDays,univariate,anchor_ts+lime_to_rules_best_ts+shap_to_rules_best_ts,intersection,0.0,0.0,0.0,0.0,0.0,0.0,0.0,0.0,anchor_ts+lime_to_rules_best_ts+shap_to_rules_best_ts_intersection_5dc42d1f2867.pickle,metric_con_cov_xratio,worst
ECGFiveDays,univariate,lime_to_rules_best_ts+shap_to_rules_best_ts,intersection,0.0,0.0,0.0,0.0,0.0,0.0,0.0,0.0,lime_to_rules_best_ts+shap_to_rules_best_ts_intersection_5dc42d1f2867.pickle,metric_con_cov_xratio,worst
DodgerLoopGame,univariate,lime_to_rules_best_ts,benchmark,5.153699140507254,0.8473869693079252,0.1429687499999999,80.0,67.79095754463401,9.691988461459394,31.35,6.0,lime_to_rules_best_ts_best_5dc42d1f2867.pickle,metric_con_cov_xratio,benchmark
DodgerLoopGame,univariate,shap_to_rules_best_ts,benchmark,2.564673913043478,0.924561403508772,0.0618421052631579,47.5,43.91666666666666,2.7158991228070177,2.8,0.0,shap_to_rules_best_ts_best_5dc42d1f2867.pickle,metric_con_cov_xratio,benchmark
DodgerLoopGame,univariate,anchor_ts,benchmark,2.8125,0.8616477272727273,0.165625,20.0,17.232954545454547,2.8542080965909093,0.475,0.0,anchor_ts_best_5dc42d1f2867.pickle,metric_con_cov_xratio,benchmark
ECGFiveDays,univariate,anchor_ts,benchmark,18.472185254192173,0.9504670620846288,0.1983988861816915,100.0,95.0467062084629,18.85716064699751,2.248868778280543,2.0,anchor_ts_best_5dc42d1f2867.pickle,metric_con_cov_xratio,benchmark
ECGFiveDays,univariate,shap_to_rules_best_ts,benchmark,8.834984350363808,0.8808901682669298,0.1066931471509592,100.0,88.08901682669298,9.398494434673676,5.475113122171946,5.0,shap_to_rules_best_ts_best_5dc42d1f2867.pickle,metric_con_cov_xratio,benchmark
ECGFiveDays,univariate,lime_to_rules_best_ts,benchmark,14.130806349368925,0.6302180318081526,0.2737658934092258,100.0,63.02180318081526,17.25322025205628,8.266968325791856,8.0,lime_to_rules_best_ts_best_5dc42d1f2867.pickle,metric_con_cov_xratio,benchmark
GunPointAgeSpan,univariate,anchor_ts,benchmark,24.30749688225556,0.7818133528426997,0.3585740524294539,93.80530973451329,73.33824371798777,26.297191248017818,1.9292035398230087,2.0,anchor_ts_best_5dc42d1f2867.pickle,metric_con_cov_xratio,benchmark
GunPointAgeSpan,univariate,shap_to_rules_best_ts,benchmark,13.815265525199216,0.7451361126485312,0.3502242696084373,64.60176991150442,48.13711170207325,16.858784786918367,8.761061946902656,8.0,shap_to_rules_best_ts_best_5dc42d1f2867.pickle,metric_con_cov_xratio,benchmark
GunPointAgeSpan,univariate,lime_to_rules_best_ts,benchmark,18.69384155262664,0.6181863322107304,0.5110365171396603,76.99115044247787,47.594876904719946,24.32272012707893,11.017699115044248,8.0,lime_to_rules_best_ts_best_5dc42d1f2867.pickle,metric_con_cov_xratio,benchmark
Strawberry,univariate,anchor_ts,benchmark,0.8377949633154868,0.9609504859329544,0.2021433850702143,4.471544715447155,4.296933067179878,0.8685965956198792,0.1138211382113821,0.0,anchor_ts_best_5dc42d1f2867.pickle,metric_con_cov_xratio,benchmark
Fungi,univariate,anchor_ts,benchmark,31.37254901960784,0.9976689976689976,0.4854426619132501,64.70588235294117,64.55505279034689,31.33777666649638,0.7843137254901961,1.0,anchor_ts_best_5dc42d1f2867.pickle,metric_con_cov_xratio,benchmark
GunPoint,univariate,shap_to_rules_best_ts,benchmark,26.31780221391836,0.7613802951577452,0.4128,100.0,76.13802951577452,31.429778584111723,9.32,9.0,shap_to_rules_best_ts_best_5dc42d1f2867.pickle,metric_con_cov_xratio,benchmark
GunPoint,univariate,lime_to_rules_best_ts,benchmark,13.810081891964249,0.6580316874201314,0.242,100.0,65.80316874201314,15.92436683556718,9.34,9.0,lime_to_rules_best_ts_best_5dc42d1f2867.pickle,metric_con_cov_xratio,benchmark
Wafer,univariate,shap_to_rules_best_ts,benchmark,4.881875585750545,0.9915611992767872,0.0576403950392822,100.0,99.15611992767872,5.715397923193851,19.13958682300391,12.0,shap_to_rules_best_ts_best_5dc42d1f2867.pickle,metric_con_cov_xratio,benchmark
Wafer,univariate,lime_to_rules_best_ts,benchmark,4.7414683302855725,0.962925508779382,0.0724516371760135,96.2032384142937,92.63655229630795,6.711669876208909,70.2786152987158,66.0,lime_to_rules_best_ts_best_5dc42d1f2867.pickle,metric_con_cov_xratio,benchmark
Wafer,univariate,anchor_ts,benchmark,43.47572871108541,0.9624220218742195,0.4929622938458658,92.4064768285874,88.9340282636423,43.84112257379817,1.7828029034059183,2.0,anchor_ts_best_5dc42d1f2867.pickle,metric_con_cov_xratio,benchmark
ECG200,univariate,anchor_ts,lasso,26.96,0.9004430562620218,0.3225,96.0,86.4425334011541,27.8777170218722,1.62,2.0,anchor_ts_lasso_5dc42d1f2867.pickle,normalized_final_metric,best
ProximalPhalanxTW,univariate,anchor_ts,benchmark,15.303782495530635,0.8121348698247418,0.2065158615717375,96.05263157894736,78.00769144369231,16.109825607716378,3.8289473684210527,2.0,anchor_ts_best_5dc42d1f2867.pickle,normalized_final_metric,best
DodgerLoopDay,univariate,anchor_ts+shap_to_rules_best_ts,union,1.37265143106168,0.9791666666666666,0.028125,100.0,97.91666666666666,2.75390625,46.85,30.0,anchor_ts+shap_to_rules_best_ts_union_5dc42d1f2867.pickle,normalized_final_metric,best
DodgerLoopDay,univariate,anchor_ts+shap_to_rules_best_ts,best,1.6239382992143958,0.9791666666666666,0.03,100.0,97.91666666666666,2.9375,45.95,30.0,anchor_ts+shap_to_rules_best_ts_best_5dc42d1f2867.pickle,normalized_final_metric,best
ProximalPhalanxTW,univariate,anchor_ts+lime_to_rules_best_ts+shap_to_rules_best_ts,intersection,16.586283528017276,0.7299147138087979,0.3348997493734336,69.07894736842105,50.42174009863407,16.886228122004955,0.9342105263157896,1.0,anchor_ts+lime_to_rules_best_ts+shap_to_rules_best_ts_intersection_5dc42d1f2867.pickle,normalized_final_metric,middle
Adiac,univariate,lime_to_rules_best_ts,lasso_global,1.4242676562809886,0.1961269264471874,0.4033041788143828,64.28571428571429,12.608159557319192,5.0849234366253295,1.3724489795918366,1.0,lime_to_rules_best_ts_lasso_global_5dc42d1f2867.pickle,normalized_final_metric,middle
GunPointMaleVersusFemale,univariate,shap_to_rules_best_ts,lasso,18.670163163223464,0.8031726661989086,0.2595348108700759,100.0,80.31726661989086,20.845126601794835,5.070796460176991,5.0,shap_to_rules_best_ts_lasso_5dc42d1f2867.pickle,normalized_final_metric,middle
ProximalPhalanxTW,univariate,anchor_ts+lime_to_rules_best_ts,best,8.310767724746883,0.8888572620335461,0.1007184903047091,100.0,88.88572620335461,8.952436152839603,9.526315789473683,6.0,anchor_ts+lime_to_rules_best_ts_best_5dc42d1f2867.pickle,normalized_final_metric,middle
DistalPhalanxOutlineAgeGroup,univariate,anchor_ts,benchmark,22.957769762464373,0.915333616473344,0.266556927297668,100.0,91.5333616473344,24.398851625939677,2.0148148148148146,2.0,anchor_ts_best_5dc42d1f2867.pickle,normalized_final_metric,worst
DistalPhalanxOutlineAgeGroup,univariate,anchor_ts,lasso,23.35283149085944,0.9069345614752272,0.2724279835390946,100.0,90.69345614752272,24.70743537846092,1.8444444444444448,2.0,anchor_ts_lasso_5dc42d1f2867.pickle,normalized_final_metric,worst
DistalPhalanxOutlineAgeGroup,univariate,anchor_ts,lasso_global,12.570785213078938,0.7649001446907089,0.453817082388511,36.2962962962963,27.76304228877388,12.59934284972021,0.4592592592592592,0.0,anchor_ts_lasso_global_5dc42d1f2867.pickle,normalized_final_metric,worst
Libras,multivariate,anchor_ts,benchmark,1.3843243943433143,0.8554022366522367,0.0414141414141414,48.888888888888886,41.81966490299824,1.731925516184775,5.7,0.0,anchor_ts_best_5dc42d1f2867.pickle,normalized_final_metric,worst
ProximalPhalanxTW,univariate,anchor_ts,benchmark,15.303782495530635,0.8121348698247418,0.2065158615717375,96.05263157894736,78.00769144369231,16.109825607716378,3.8289473684210527,2.0,anchor_ts_best_5dc42d1f2867.pickle,normalized_final_metric,benchmark
ProximalPhalanxTW,univariate,lime_to_rules_best_ts,benchmark,2.102624058287825,0.7572138733540884,0.0423736149584487,100.0,75.72138733540883,3.2085889110701724,15.236842105263158,15.0,lime_to_rules_best_ts_best_5dc42d1f2867.pickle,normalized_final_metric,benchmark
ProximalPhalanxTW,univariate,shap_to_rules_best_ts,benchmark,13.443186819731878,0.6441845625349277,0.2706038351693186,84.86842105263158,54.67092668881952,14.794162434255222,4.8618421052631575,3.0,shap_to_rules_best_ts_best_5dc42d1f2867.pickle,normalized_final_metric,benchmark
DodgerLoopDay,univariate,shap_to_rules_best_ts,benchmark,1.5961605214366177,0.9645833333333332,0.031875,100.0,96.45833333333331,3.074609375,46.4,30.0,shap_to_rules_best_ts_best_5dc42d1f2867.pickle,normalized_final_metric,benchmark
DodgerLoopDay,univariate,lime_to_rules_best_ts,benchmark,0.8697119154274865,0.9452991452991452,0.0314102564102564,97.5,92.16666666666666,2.894978632478632,71.5,43.0,lime_to_rules_best_ts_best_5dc42d1f2867.pickle,normalized_final_metric,benchmark
DodgerLoopDay,univariate,anchor_ts,benchmark,1.6125,0.7033068783068782,0.1222222222222222,22.5,15.82440476190476,1.9340939153439152,0.7,0.0,anchor_ts_best_5dc42d1f2867.pickle,normalized_final_metric,benchmark
ECG200,univariate,anchor_ts,benchmark,22.520000000000003,0.8886011581873652,0.2596,100.0,88.86011581873652,23.068086066544,1.9,2.0,anchor_ts_best_5dc42d1f2867.pickle,normalized_final_metric,benchmark
ECG200,univariate,shap_to_rules_best_ts,benchmark,16.619736263736264,0.8588370869283172,0.1928,100.0,85.88370869283172,16.55837903597796,5.44,4.0,shap_to_rules_best_ts_best_5dc42d1f2867.pickle,normalized_final_metric,benchmark
ECG200,univariate,lime_to_rules_best_ts,benchmark,6.491326143239029,0.9099876314162028,0.1228571428571428,70.0,63.69913419913419,7.825893630179343,11.68,3.5,lime_to_rules_best_ts_best_5dc42d1f2867.pickle,normalized_final_metric,benchmark
DistalPhalanxOutlineAgeGroup,univariate,anchor_ts,benchmark,22.957769762464373,0.915333616473344,0.266556927297668,100.0,91.5333616473344,24.398851625939677,2.0148148148148146,2.0,anchor_ts_best_5dc42d1f2867.pickle,normalized_final_metric,benchmark
GunPointMaleVersusFemale,univariate,shap_to_rules_best_ts,benchmark,4.51011764171534,0.8038087235195256,0.2328295089670295,100.0,80.38087235195256,18.7150390400466,38.38053097345133,38.0,shap_to_rules_best_ts_best_5dc42d1f2867.pickle,normalized_final_metric,benchmark
GunPointMaleVersusFemale,univariate,lime_to_rules_best_ts,benchmark,16.026311185281173,0.7095052867620405,0.472216505453797,76.10619469026548,53.99774748808449,25.49862762119981,8.79646017699115,3.0,lime_to_rules_best_ts_best_5dc42d1f2867.pickle,normalized_final_metric,benchmark
Adiac,univariate,lime_to_rules_best_ts,benchmark,2.1316437594872792,0.3356889508139678,0.3031627015447062,92.3469387755102,30.999846988432743,9.397997360485798,12.637755102040815,13.0,lime_to_rules_best_ts_best_5dc42d1f2867.pickle,normalized_final_metric,benchmark
Adiac,univariate,shap_to_rules_best_ts,benchmark,0.7516340269677836,0.472601015935809,0.2156610470275066,58.67346938775511,27.729141241131654,5.980095633236068,32.77040816326531,5.0,shap_to_rules_best_ts_best_5dc42d1f2867.pickle,normalized_final_metric,benchmark
Libras,multivariate,anchor_ts,benchmark,1.3843243943433143,0.8554022366522367,0.0414141414141414,48.888888888888886,41.81966490299824,1.731925516184775,5.7,0.0,anchor_ts_best_5dc42d1f2867.pickle,normalized_final_metric,benchmark
DodgerLoopGame,univariate,anchor_ts+lime_to_rules_best_ts+shap_to_rules_best_ts,best,6.274212700015378,0.9384999973235268,0.0945945945945946,92.5,86.81124975242624,8.21187497658086,29.7,6.0,anchor_ts+lime_to_rules_best_ts+shap_to_rules_best_ts_best_5dc42d1f2867.pickle,normalized_metric_con_xratio,best
GunPointAgeSpan,univariate,anchor_ts+shap_to_rules_best_ts,weighted,24.106102904543324,0.8432175420096175,0.3285398230088495,99.1150442477876,83.57554398679395,27.457894429289603,6.15929203539823,2.0,anchor_ts+shap_to_rules_best_ts_weighted_5dc42d1f2867.pickle,normalized_metric_con_xratio,best
ECGFiveDays,univariate,anchor_ts,benchmark,18.472185254192173,0.9504670620846288,0.1983988861816915,100.0,95.0467062084629,18.85716064699751,2.248868778280543,2.0,anchor_ts_best_5dc42d1f2867.pickle,normalized_metric_con_xratio,best
ECGFiveDays,univariate,anchor_ts+lime_to_rules_best_ts,lasso,9.20603682205856,0.9683332135675358,0.0967220163387317,100.0,96.83332135675356,9.365914090401583,4.873303167420814,5.0,anchor_ts+lime_to_rules_best_ts_lasso_5dc42d1f2867.pickle,normalized_metric_con_xratio,best
ProximalPhalanxTW,univariate,anchor_ts+shap_to_rules_best_ts,intersection,14.673459397489804,0.7159106426427533,0.2613092648977816,79.60526315789474,56.99025510511392,14.892081667854368,1.631578947368421,1.0,anchor_ts+shap_to_rules_best_ts_intersection_5dc42d1f2867.pickle,normalized_metric_con_xratio,middle
UMD,univariate,anchor_ts,lasso,12.328204526795483,0.7075366306142388,0.2474074074074073,100.0,70.75366306142388,17.504980342604128,2.1333333333333333,2.0,anchor_ts_lasso_5dc42d1f2867.pickle,normalized_metric_con_xratio,middle
DodgerLoopGame,univariate,anchor_ts+shap_to_rules_best_ts,lasso,5.281818181818182,0.925790513833992,0.1043478260869565,57.5,53.23295454545453,5.554743083003952,2.1,2.0,anchor_ts+shap_to_rules_best_ts_lasso_5dc42d1f2867.pickle,normalized_metric_con_xratio,middle
ECG200,univariate,anchor_ts+lime_to_rules_best_ts,weighted,15.719012562351944,0.9133583685909266,0.2102325581395348,86.0,78.54881969881968,16.513519304123946,7.34,2.0,anchor_ts+lime_to_rules_best_ts_weighted_5dc42d1f2867.pickle,normalized_metric_con_xratio,middle
DistalPhalanxOutlineCorrect,univariate,anchor_ts,weighted,15.295575268914362,0.7510044330913581,0.228122849815475,100.0,75.10044330913581,17.132127150085587,2.3424657534246576,2.0,anchor_ts_weighted_5dc42d1f2867.pickle,normalized_metric_con_xratio,worst
UMD,univariate,anchor_ts,lasso_global,10.110706277170104,0.5831976494396932,0.3999999999999999,64.44444444444444,37.583848519446896,15.033539407778756,0.9333333333333332,1.0,anchor_ts_lasso_global_5dc42d1f2867.pickle,normalized_metric_con_xratio,worst
DistalPhalanxOutlineCorrect,univariate,anchor_ts,lasso_global,18.17726903108776,0.7893362453475102,0.344026356857985,72.14611872146119,56.947546467993895,19.59145694338476,1.0456621004566211,1.0,anchor_ts_lasso_global_5dc42d1f2867.pickle,normalized_metric_con_xratio,worst
Libras,multivariate,anchor_ts,benchmark,1.3843243943433143,0.8554022366522367,0.0414141414141414,48.888888888888886,41.81966490299824,1.731925516184775,5.7,0.0,anchor_ts_best_5dc42d1f2867.pickle,normalized_metric_con_xratio,worst
DodgerLoopGame,univariate,lime_to_rules_best_ts,benchmark,5.153699140507254,0.8473869693079252,0.1429687499999999,80.0,67.79095754463401,9.691988461459394,31.35,6.0,lime_to_rules_best_ts_best_5dc42d1f2867.pickle,normalized_metric_con_xratio,benchmark
DodgerLoopGame,univariate,shap_to_rules_best_ts,benchmark,2.564673913043478,0.924561403508772,0.0618421052631579,47.5,43.91666666666666,2.7158991228070177,2.8,0.0,shap_to_rules_best_ts_best_5dc42d1f2867.pickle,normalized_metric_con_xratio,benchmark
DodgerLoopGame,univariate,anchor_ts,benchmark,2.8125,0.8616477272727273,0.165625,20.0,17.232954545454547,2.8542080965909093,0.475,0.0,anchor_ts_best_5dc42d1f2867.pickle,normalized_metric_con_xratio,benchmark
ProximalPhalanxTW,univariate,anchor_ts,benchmark,15.303782495530635,0.8121348698247418,0.2065158615717375,96.05263157894736,78.00769144369231,16.109825607716378,3.8289473684210527,2.0,anchor_ts_best_5dc42d1f2867.pickle,normalized_metric_con_xratio,benchmark
ProximalPhalanxTW,univariate,lime_to_rules_best_ts,benchmark,2.102624058287825,0.7572138733540884,0.0423736149584487,100.0,75.72138733540883,3.2085889110701724,15.236842105263158,15.0,lime_to_rules_best_ts_best_5dc42d1f2867.pickle,normalized_metric_con_xratio,benchmark
ProximalPhalanxTW,univariate,shap_to_rules_best_ts,benchmark,13.443186819731878,0.6441845625349277,0.2706038351693186,84.86842105263158,54.67092668881952,14.794162434255222,4.8618421052631575,3.0,shap_to_rules_best_ts_best_5dc42d1f2867.pickle,normalized_metric_con_xratio,benchmark
ECGFiveDays,univariate,anchor_ts,benchmark,18.472185254192173,0.9504670620846288,0.1983988861816915,100.0,95.0467062084629,18.85716064699751,2.248868778280543,2.0,anchor_ts_best_5dc42d1f2867.pickle,normalized_metric_con_xratio,benchmark
ECGFiveDays,univariate,shap_to_rules_best_ts,benchmark,8.834984350363808,0.8808901682669298,0.1066931471509592,100.0,88.08901682669298,9.398494434673676,5.475113122171946,5.0,shap_to_rules_best_ts_best_5dc42d1f2867.pickle,normalized_metric_con_xratio,benchmark
ECGFiveDays,univariate,lime_to_rules_best_ts,benchmark,14.130806349368925,0.6302180318081526,0.2737658934092258,100.0,63.02180318081526,17.25322025205628,8.266968325791856,8.0,lime_to_rules_best_ts_best_5dc42d1f2867.pickle,normalized_metric_con_xratio,benchmark
UMD,univariate,shap_to_rules_best_ts,benchmark,3.967297356426099,0.9788888888888888,0.0637037037037037,100.0,97.88888888888889,6.235884773662551,22.844444444444445,20.0,shap_to_rules_best_ts_best_5dc42d1f2867.pickle,normalized_metric_con_xratio,benchmark
UMD,univariate,anchor_ts,benchmark,11.619225589225591,0.7595184784351451,0.1817283950617284,100.0,75.95184784351451,13.802607410574488,2.3777777777777778,2.0,anchor_ts_best_5dc42d1f2867.pickle,normalized_metric_con_xratio,benchmark
UMD,univariate,lime_to_rules_best_ts,benchmark,2.0050036875831823,0.7633859497989933,0.124074074074074,53.333333333333336,40.71391732261298,5.05154159373161,8.28888888888889,1.0,lime_to_rules_best_ts_best_5dc42d1f2867.pickle,normalized_metric_con_xratio,benchmark
ECG200,univariate,anchor_ts,benchmark,22.520000000000003,0.8886011581873652,0.2596,100.0,88.86011581873652,23.068086066544,1.9,2.0,anchor_ts_best_5dc42d1f2867.pickle,normalized_metric_con_xratio,benchmark
ECG200,univariate,shap_to_rules_best_ts,benchmark,16.619736263736264,0.8588370869283172,0.1928,100.0,85.88370869283172,16.55837903597796,5.44,4.0,shap_to_rules_best_ts_best_5dc42d1f2867.pickle,normalized_metric_con_xratio,benchmark
ECG200,univariate,lime_to_rules_best_ts,benchmark,6.491326143239029,0.9099876314162028,0.1228571428571428,70.0,63.69913419913419,7.825893630179343,11.68,3.5,lime_to_rules_best_ts_best_5dc42d1f2867.pickle,normalized_metric_con_xratio,benchmark
GunPointAgeSpan,univariate,anchor_ts,benchmark,24.30749688225556,0.7818133528426997,0.3585740524294539,93.80530973451329,73.33824371798777,26.297191248017818,1.9292035398230087,2.0,anchor_ts_best_5dc42d1f2867.pickle,normalized_metric_con_xratio,benchmark
GunPointAgeSpan,univariate,shap_to_rules_best_ts,benchmark,13.815265525199216,0.7451361126485312,0.3502242696084373,64.60176991150442,48.13711170207325,16.858784786918367,8.761061946902656,8.0,shap_to_rules_best_ts_best_5dc42d1f2867.pickle,normalized_metric_con_xratio,benchmark
GunPointAgeSpan,univariate,lime_to_rules_best_ts,benchmark,18.69384155262664,0.6181863322107304,0.5110365171396603,76.99115044247787,47.594876904719946,24.32272012707893,11.017699115044248,8.0,lime_to_rules_best_ts_best_5dc42d1f2867.pickle,normalized_metric_con_xratio,benchmark
DistalPhalanxOutlineCorrect,univariate,anchor_ts,benchmark,15.295575268914362,0.7510044330913581,0.228122849815475,100.0,75.10044330913581,17.132127150085587,2.3424657534246576,2.0,anchor_ts_best_5dc42d1f2867.pickle,normalized_metric_con_xratio,benchmark
Libras,multivariate,anchor_ts,benchmark,1.3843243943433143,0.8554022366522367,0.0414141414141414,48.888888888888886,41.81966490299824,1.731925516184775,5.7,0.0,anchor_ts_best_5dc42d1f2867.pickle,normalized_metric_con_xratio,benchmark
ECG200,univariate,anchor_ts,lasso,26.96,0.9004430562620218,0.3225,96.0,86.4425334011541,27.8777170218722,1.62,2.0,anchor_ts_lasso_5dc42d1f2867.pickle,normalized_metric_con_cov_xratio,best
ProximalPhalanxTW,univariate,anchor_ts+lime_to_rules_best_ts+shap_to_rules_best_ts,weighted,20.8581264988868,0.6488898245250279,0.3587051237364935,99.34210526315788,64.46208125215738,23.12287883186701,4.967105263157895,3.0,anchor_ts+lime_to_rules_best_ts+shap_to_rules_best_ts_weighted_5dc42d1f2867.pickle,normalized_metric_con_cov_xratio,best
GunPointAgeSpan,univariate,anchor_ts,benchmark,24.30749688225556,0.7818133528426997,0.3585740524294539,93.80530973451329,73.33824371798777,26.297191248017818,1.9292035398230087,2.0,anchor_ts_best_5dc42d1f2867.pickle,normalized_metric_con_cov_xratio,best
ECGFiveDays,univariate,anchor_ts+lime_to_rules_best_ts,union,5.925647938966899,0.9720685548114856,0.069941237894392,100.0,97.20685548114857,6.798767804172795,10.497737556561086,11.0,anchor_ts+lime_to_rules_best_ts_union_5dc42d1f2867.pickle,normalized_metric_con_cov_xratio,best
DodgerLoopDay,univariate,anchor_ts+shap_to_rules_best_ts,weighted,1.6239382992143958,0.9666666666666666,0.030625,100.0,96.66666666666666,2.9604166666666667,45.925,30.0,anchor_ts+shap_to_rules_best_ts_weighted_5dc42d1f2867.pickle,normalized_metric_con_cov_xratio,middle
Wafer,univariate,anchor_ts+lime_to_rules_best_ts+shap_to_rules_best_ts,best,4.920476960250697,0.9998873316410388,0.0582741862423351,100.0,99.98873316410388,5.826762058540147,66.91513121161363,63.0,anchor_ts+lime_to_rules_best_ts+shap_to_rules_best_ts_best_5dc42d1f2867.pickle,normalized_metric_con_cov_xratio,middle
DodgerLoopGame,univariate,anchor_ts+shap_to_rules_best_ts,weighted,4.814673913043478,0.9055006587615282,0.0999999999999999,57.5,52.06628787878787,5.206628787878787,2.825,2.0,anchor_ts+shap_to_rules_best_ts_weighted_5dc42d1f2867.pickle,normalized_metric_con_cov_xratio,middle
UMD,univariate,lime_to_rules_best_ts+shap_to_rules_best_ts,union,3.098079354061874,0.9788888888888888,0.0553086419753086,100.0,97.88888888888889,5.414101508916322,29.57777777777778,24.0,lime_to_rules_best_ts+shap_to_rules_best_ts_union_5dc42d1f2867.pickle,normalized_metric_con_cov_xratio,middle
DistalPhalanxOutlineCorrect,univariate,anchor_ts,weighted,15.295575268914362,0.7510044330913581,0.228122849815475,100.0,75.10044330913581,17.132127150085587,2.3424657534246576,2.0,anchor_ts_weighted_5dc42d1f2867.pickle,normalized_metric_con_cov_xratio,worst
DistalPhalanxOutlineCorrect,univariate,anchor_ts,lasso,18.62532871618914,0.7453161433447693,0.2763924836395008,99.08675799086758,73.85096032228992,20.411850342639944,1.817351598173516,2.0,anchor_ts_lasso_5dc42d1f2867.pickle,normalized_metric_con_cov_xratio,worst
DistalPhalanxOutlineCorrect,univariate,anchor_ts,lasso_global,18.17726903108776,0.7893362453475102,0.344026356857985,72.14611872146119,56.947546467993895,19.59145694338476,1.0456621004566211,1.0,anchor_ts_lasso_global_5dc42d1f2867.pickle,normalized_metric_con_cov_xratio,worst
Libras,multivariate,anchor_ts,benchmark,1.3843243943433143,0.8554022366522367,0.0414141414141414,48.888888888888886,41.81966490299824,1.731925516184775,5.7,0.0,anchor_ts_best_5dc42d1f2867.pickle,normalized_metric_con_cov_xratio,worst
DodgerLoopGame,univariate,lime_to_rules_best_ts,benchmark,5.153699140507254,0.8473869693079252,0.1429687499999999,80.0,67.79095754463401,9.691988461459394,31.35,6.0,lime_to_rules_best_ts_best_5dc42d1f2867.pickle,normalized_metric_con_cov_xratio,benchmark
DodgerLoopGame,univariate,shap_to_rules_best_ts,benchmark,2.564673913043478,0.924561403508772,0.0618421052631579,47.5,43.91666666666666,2.7158991228070177,2.8,0.0,shap_to_rules_best_ts_best_5dc42d1f2867.pickle,normalized_metric_con_cov_xratio,benchmark
DodgerLoopGame,univariate,anchor_ts,benchmark,2.8125,0.8616477272727273,0.165625,20.0,17.232954545454547,2.8542080965909093,0.475,0.0,anchor_ts_best_5dc42d1f2867.pickle,normalized_metric_con_cov_xratio,benchmark
ProximalPhalanxTW,univariate,anchor_ts,benchmark,15.303782495530635,0.8121348698247418,0.2065158615717375,96.05263157894736,78.00769144369231,16.109825607716378,3.8289473684210527,2.0,anchor_ts_best_5dc42d1f2867.pickle,normalized_metric_con_cov_xratio,benchmark
ProximalPhalanxTW,univariate,lime_to_rules_best_ts,benchmark,2.102624058287825,0.7572138733540884,0.0423736149584487,100.0,75.72138733540883,3.2085889110701724,15.236842105263158,15.0,lime_to_rules_best_ts_best_5dc42d1f2867.pickle,normalized_metric_con_cov_xratio,benchmark
ProximalPhalanxTW,univariate,shap_to_rules_best_ts,benchmark,13.443186819731878,0.6441845625349277,0.2706038351693186,84.86842105263158,54.67092668881952,14.794162434255222,4.8618421052631575,3.0,shap_to_rules_best_ts_best_5dc42d1f2867.pickle,normalized_metric_con_cov_xratio,benchmark
DodgerLoopDay,univariate,shap_to_rules_best_ts,benchmark,1.5961605214366177,0.9645833333333332,0.031875,100.0,96.45833333333331,3.074609375,46.4,30.0,shap_to_rules_best_ts_best_5dc42d1f2867.pickle,normalized_metric_con_cov_xratio,benchmark
DodgerLoopDay,univariate,lime_to_rules_best_ts,benchmark,0.8697119154274865,0.9452991452991452,0.0314102564102564,97.5,92.16666666666666,2.894978632478632,71.5,43.0,lime_to_rules_best_ts_best_5dc42d1f2867.pickle,normalized_metric_con_cov_xratio,benchmark
DodgerLoopDay,univariate,anchor_ts,benchmark,1.6125,0.7033068783068782,0.1222222222222222,22.5,15.82440476190476,1.9340939153439152,0.7,0.0,anchor_ts_best_5dc42d1f2867.pickle,normalized_metric_con_cov_xratio,benchmark
ECGFiveDays,univariate,anchor_ts,benchmark,18.472185254192173,0.9504670620846288,0.1983988861816915,100.0,95.0467062084629,18.85716064699751,2.248868778280543,2.0,anchor_ts_best_5dc42d1f2867.pickle,normalized_metric_con_cov_xratio,benchmark
ECGFiveDays,univariate,shap_to_rules_best_ts,benchmark,8.834984350363808,0.8808901682669298,0.1066931471509592,100.0,88.08901682669298,9.398494434673676,5.475113122171946,5.0,shap_to_rules_best_ts_best_5dc42d1f2867.pickle,normalized_metric_con_cov_xratio,benchmark
ECGFiveDays,univariate,lime_to_rules_best_ts,benchmark,14.130806349368925,0.6302180318081526,0.2737658934092258,100.0,63.02180318081526,17.25322025205628,8.266968325791856,8.0,lime_to_rules_best_ts_best_5dc42d1f2867.pickle,normalized_metric_con_cov_xratio,benchmark
UMD,univariate,shap_to_rules_best_ts,benchmark,3.967297356426099,0.9788888888888888,0.0637037037037037,100.0,97.88888888888889,6.235884773662551,22.844444444444445,20.0,shap_to_rules_best_ts_best_5dc42d1f2867.pickle,normalized_metric_con_cov_xratio,benchmark
UMD,univariate,anchor_ts,benchmark,11.619225589225591,0.7595184784351451,0.1817283950617284,100.0,75.95184784351451,13.802607410574488,2.3777777777777778,2.0,anchor_ts_best_5dc42d1f2867.pickle,normalized_metric_con_cov_xratio,benchmark
UMD,univariate,lime_to_rules_best_ts,benchmark,2.0050036875831823,0.7633859497989933,0.124074074074074,53.333333333333336,40.71391732261298,5.05154159373161,8.28888888888889,1.0,lime_to_rules_best_ts_best_5dc42d1f2867.pickle,normalized_metric_con_cov_xratio,benchmark
ECG200,univariate,anchor_ts,benchmark,22.520000000000003,0.8886011581873652,0.2596,100.0,88.86011581873652,23.068086066544,1.9,2.0,anchor_ts_best_5dc42d1f2867.pickle,normalized_metric_con_cov_xratio,benchmark
ECG200,univariate,shap_to_rules_best_ts,benchmark,16.619736263736264,0.8588370869283172,0.1928,100.0,85.88370869283172,16.55837903597796,5.44,4.0,shap_to_rules_best_ts_best_5dc42d1f2867.pickle,normalized_metric_con_cov_xratio,benchmark
ECG200,univariate,lime_to_rules_best_ts,benchmark,6.491326143239029,0.9099876314162028,0.1228571428571428,70.0,63.69913419913419,7.825893630179343,11.68,3.5,lime_to_rules_best_ts_best_5dc42d1f2867.pickle,normalized_metric_con_cov_xratio,benchmark
GunPointAgeSpan,univariate,anchor_ts,benchmark,24.30749688225556,0.7818133528426997,0.3585740524294539,93.80530973451329,73.33824371798777,26.297191248017818,1.9292035398230087,2.0,anchor_ts_best_5dc42d1f2867.pickle,normalized_metric_con_cov_xratio,benchmark
GunPointAgeSpan,univariate,shap_to_rules_best_ts,benchmark,13.815265525199216,0.7451361126485312,0.3502242696084373,64.60176991150442,48.13711170207325,16.858784786918367,8.761061946902656,8.0,shap_to_rules_best_ts_best_5dc42d1f2867.pickle,normalized_metric_con_cov_xratio,benchmark
GunPointAgeSpan,univariate,lime_to_rules_best_ts,benchmark,18.69384155262664,0.6181863322107304,0.5110365171396603,76.99115044247787,47.594876904719946,24.32272012707893,11.017699115044248,8.0,lime_to_rules_best_ts_best_5dc42d1f2867.pickle,normalized_metric_con_cov_xratio,benchmark
DistalPhalanxOutlineCorrect,univariate,anchor_ts,benchmark,15.295575268914362,0.7510044330913581,0.228122849815475,100.0,75.10044330913581,17.132127150085587,2.3424657534246576,2.0,anchor_ts_best_5dc42d1f2867.pickle,normalized_metric_con_cov_xratio,benchmark
Wafer,univariate,shap_to_rules_best_ts,benchmark,4.881875585750545,0.9915611992767872,0.0576403950392822,100.0,99.15611992767872,5.715397923193851,19.13958682300391,12.0,shap_to_rules_best_ts_best_5dc42d1f2867.pickle,normalized_metric_con_cov_xratio,benchmark
Wafer,univariate,lime_to_rules_best_ts,benchmark,4.7414683302855725,0.962925508779382,0.0724516371760135,96.2032384142937,92.63655229630795,6.711669876208909,70.2786152987158,66.0,lime_to_rules_best_ts_best_5dc42d1f2867.pickle,normalized_metric_con_cov_xratio,benchmark
Wafer,univariate,anchor_ts,benchmark,43.47572871108541,0.9624220218742195,0.4929622938458658,92.4064768285874,88.9340282636423,43.84112257379817,1.7828029034059183,2.0,anchor_ts_best_5dc42d1f2867.pickle,normalized_metric_con_cov_xratio,benchmark
Libras,multivariate,anchor_ts,benchmark,1.3843243943433143,0.8554022366522367,0.0414141414141414,48.888888888888886,41.81966490299824,1.731925516184775,5.7,0.0,anchor_ts_best_5dc42d1f2867.pickle,normalized_metric_con_cov_xratio,benchmark
