dataset,data_type,rules_combination,method,final_metric,avg_confidence,avg_coverage,explained_ratio,metric_con_xratio,metric_con_cov_xratio,avg_features_count,median_features_count,filename,metric_used,candidate_type
Wafer,univariate,anchor_ts,weighted,43.47572871108541,0.9624220218742195,0.4929622938458658,92.4064768285874,88.9340282636423,43.84112257379817,1.7828029034059183,2.0,anchor_ts_weighted_5dc42d1f2867.pickle,final_metric,best
Wafer,univariate,anchor_ts,benchmark,43.47572871108541,0.9624220218742195,0.4929622938458658,92.4064768285874,88.9340282636423,43.84112257379817,1.7828029034059183,2.0,anchor_ts_best_5dc42d1f2867.pickle,final_metric,best
Wafer,univariate,shap_to_rules_best_ts,lasso,39.41630812733438,0.9372830998778876,0.443534495592268,93.18816303740928,87.34369032362895,38.739939630858025,2.577331099944165,2.0,shap_to_rules_best_ts_lasso_5dc42d1f2867.pickle,final_metric,best
Wafer,univariate,lime_to_rules_best_ts+shap_to_rules_best_ts,lasso,39.3627380099988,0.9418267530714816,0.442614510539516,93.18816303740928,87.76710501821903,38.84699422910931,2.551647124511446,2.0,lime_to_rules_best_ts+shap_to_rules_best_ts_lasso_5dc42d1f2867.pickle,final_metric,best
DodgerLoopGame,univariate,anchor_ts+shap_to_rules_best_ts,lasso_global,6.8500000000000005,0.872800762455935,0.2285714285714286,35.0,30.548026685957723,6.982406099647481,0.575,0.0,anchor_ts+shap_to_rules_best_ts_lasso_global_5dc42d1f2867.pickle,final_metric,middle
ECGFiveDays,univariate,lime_to_rules_best_ts+shap_to_rules_best_ts,lasso,6.815245291275457,0.9009970069763455,0.0831883049077619,100.0,90.09970069763456,7.495241373732912,6.705882352941177,6.0,lime_to_rules_best_ts+shap_to_rules_best_ts_lasso_5dc42d1f2867.pickle,final_metric,middle
ECG200,univariate,anchor_ts+lime_to_rules_best_ts+shap_to_rules_best_ts,intersection,6.815238095238095,0.8057063071504065,0.3071428571428571,28.0,22.559776600211386,6.929074241493495,0.28,0.0,anchor_ts+lime_to_rules_best_ts+shap_to_rules_best_ts_intersection_5dc42d1f2867.pickle,final_metric,middle
Wafer,univariate,anchor_ts+lime_to_rules_best_ts+shap_to_rules_best_ts,union,6.793680974985293,0.9962838449248896,0.0732594668858904,100.0,99.62838449248896,7.298722334622258,18.301507537688444,12.0,anchor_ts+lime_to_rules_best_ts+shap_to_rules_best_ts_union_5dc42d1f2867.pickle,final_metric,middle
BasicMotions,multivariate,lime_to_rules_best_ts,benchmark,0.015081089782285,0.75,0.0375,20.0,15.0,0.5625000000000001,98.8,0.0,lime_to_rules_best_ts_best_5dc42d1f2867.pickle,final_metric,worst
GunPoint,univariate,lime_to_rules_best_ts+shap_to_rules_best_ts,intersection,0.0,0.0,0.0,0.0,0.0,0.0,0.0,0.0,lime_to_rules_best_ts+shap_to_rules_best_ts_intersection_5dc42d1f2867.pickle,final_metric,worst
ECGFiveDays,univariate,anchor_ts+lime_to_rules_best_ts+shap_to_rules_best_ts,intersection,0.0,0.0,0.0,0.0,0.0,0.0,0.0,0.0,anchor_ts+lime_to_rules_best_ts+shap_to_rules_best_ts_intersection_5dc42d1f2867.pickle,final_metric,worst
ECGFiveDays,univariate,lime_to_rules_best_ts+shap_to_rules_best_ts,intersection,0.0,0.0,0.0,0.0,0.0,0.0,0.0,0.0,lime_to_rules_best_ts+shap_to_rules_best_ts_intersection_5dc42d1f2867.pickle,final_metric,worst
DodgerLoopDay,univariate,anchor_ts+lime_to_rules_best_ts+shap_to_rules_best_ts,best,1.246242609928377,1.0,0.028125,100.0,100.0,2.8125,73.325,48.5,anchor_ts+lime_to_rules_best_ts+shap_to_rules_best_ts_best_5dc42d1f2867.pickle,metric_con_xratio,best
Plane,univariate,shap_to_rules_best_ts,weighted,0.451998540706792,1.0,0.0202919188323246,100.0,100.0,2.029191883232467,51.75471698113208,43.0,shap_to_rules_best_ts_weighted_5dc42d1f2867.pickle,metric_con_xratio,best
DodgerLoopDay,univariate,lime_to_rules_best_ts+shap_to_rules_best_ts,lasso,0.8648495717026777,1.0,0.025,100.0,100.0,2.5,32.7,36.5,lime_to_rules_best_ts+shap_to_rules_best_ts_lasso_5dc42d1f2867.pickle,metric_con_xratio,best
DodgerLoopDay,univariate,lime_to_rules_best_ts+shap_to_rules_best_ts,best,0.8242365077163253,1.0,0.025,100.0,100.0,2.5,77.975,55.0,lime_to_rules_best_ts+shap_to_rules_best_ts_best_5dc42d1f2867.pickle,metric_con_xratio,best
SmoothSubspace,univariate,anchor_ts,lasso_global,20.974174972314508,0.7727771951778661,0.2971689497716894,97.33333333333331,75.21698033064564,22.352151049855784,1.96,2.0,anchor_ts_lasso_global_5dc42d1f2867.pickle,metric_con_xratio,middle
DistalPhalanxOutlineCorrect,univariate,anchor_ts,weighted,15.295575268914362,0.7510044330913581,0.228122849815475,100.0,75.10044330913581,17.132127150085587,2.3424657534246576,2.0,anchor_ts_weighted_5dc42d1f2867.pickle,metric_con_xratio,middle
DistalPhalanxOutlineCorrect,univariate,anchor_ts,benchmark,15.295575268914362,0.7510044330913581,0.228122849815475,100.0,75.10044330913581,17.132127150085587,2.3424657534246576,2.0,anchor_ts_best_5dc42d1f2867.pickle,metric_con_xratio,middle
Wafer,univariate,lime_to_rules_best_ts,benchmark,2.099522253595932,0.985757321430721,0.028509302852405,76.10273590173088,75.0188290960398,2.138734518331812,3.112786152987158,2.0,lime_to_rules_best_ts_best_5dc42d1f2867.pickle,metric_con_xratio,middle
Wafer,univariate,lime_to_rules_best_ts+shap_to_rules_best_ts,lasso_global,0.0332777651746579,0.2111094252891117,0.3644891122278057,1.3958682300390843,0.2946809398228808,0.1074079941464972,0.0184254606365159,0.0,lime_to_rules_best_ts+shap_to_rules_best_ts_lasso_global_5dc42d1f2867.pickle,metric_con_xratio,worst
GunPoint,univariate,lime_to_rules_best_ts+shap_to_rules_best_ts,intersection,0.0,0.0,0.0,0.0,0.0,0.0,0.0,0.0,lime_to_rules_best_ts+shap_to_rules_best_ts_intersection_5dc42d1f2867.pickle,metric_con_xratio,worst
ECGFiveDays,univariate,lime_to_rules_best_ts+shap_to_rules_best_ts,intersection,0.0,0.0,0.0,0.0,0.0,0.0,0.0,0.0,lime_to_rules_best_ts+shap_to_rules_best_ts_intersection_5dc42d1f2867.pickle,metric_con_xratio,worst
ECGFiveDays,univariate,anchor_ts+lime_to_rules_best_ts+shap_to_rules_best_ts,intersection,0.0,0.0,0.0,0.0,0.0,0.0,0.0,0.0,anchor_ts+lime_to_rules_best_ts+shap_to_rules_best_ts_intersection_5dc42d1f2867.pickle,metric_con_xratio,worst
Wafer,univariate,anchor_ts,weighted,43.47572871108541,0.9624220218742195,0.4929622938458658,92.4064768285874,88.9340282636423,43.84112257379817,1.7828029034059183,2.0,anchor_ts_weighted_5dc42d1f2867.pickle,metric_con_cov_xratio,best
Wafer,univariate,anchor_ts,benchmark,43.47572871108541,0.9624220218742195,0.4929622938458658,92.4064768285874,88.9340282636423,43.84112257379817,1.7828029034059183,2.0,anchor_ts_best_5dc42d1f2867.pickle,metric_con_cov_xratio,best
Strawberry,univariate,anchor_ts,lasso_global,37.95029413708772,0.8287397519878054,0.4919525414766342,100.0,82.87397519878054,40.77006272131163,1.016260162601626,1.0,anchor_ts_lasso_global_5dc42d1f2867.pickle,metric_con_cov_xratio,best
Wafer,univariate,lime_to_rules_best_ts+shap_to_rules_best_ts,lasso,39.3627380099988,0.9418267530714816,0.442614510539516,93.18816303740928,87.76710501821903,38.84699422910931,2.551647124511446,2.0,lime_to_rules_best_ts+shap_to_rules_best_ts_lasso_5dc42d1f2867.pickle,metric_con_cov_xratio,best
MedicalImages,univariate,anchor_ts,benchmark,5.403077240578455,0.6357815731014633,0.161591097074968,97.55244755244756,62.022048564793096,10.022210870421862,5.7727272727272725,3.0,anchor_ts_best_5dc42d1f2867.pickle,metric_con_cov_xratio,middle
MedicalImages,univariate,anchor_ts,weighted,5.403077240578455,0.6357815731014633,0.161591097074968,97.55244755244756,62.022048564793096,10.022210870421862,5.7727272727272725,3.0,anchor_ts_weighted_5dc42d1f2867.pickle,metric_con_cov_xratio,middle
MedicalImages,univariate,anchor_ts,lasso,5.507570495947729,0.628372014884848,0.1634960022056796,97.55244755244756,61.29922802547992,10.02217872046032,5.143356643356643,3.0,anchor_ts_lasso_5dc42d1f2867.pickle,metric_con_cov_xratio,middle
DiatomSizeReduction,univariate,lime_to_rules_best_ts,lasso_global,7.23983738835218,0.4579161356530247,0.5353535353535352,40.74074074074074,18.655842563641748,9.98747127144457,0.5802469135802469,0.0,lime_to_rules_best_ts_lasso_global_5dc42d1f2867.pickle,metric_con_cov_xratio,middle
Wafer,univariate,lime_to_rules_best_ts,lasso_global,0.0227266988207368,0.990909090909091,0.0409268565047459,0.5583472920156337,0.5532714075427644,0.0226436595046815,0.0061418202121719,0.0,lime_to_rules_best_ts_lasso_global_5dc42d1f2867.pickle,metric_con_cov_xratio,worst
ECGFiveDays,univariate,anchor_ts+lime_to_rules_best_ts+shap_to_rules_best_ts,intersection,0.0,0.0,0.0,0.0,0.0,0.0,0.0,0.0,anchor_ts+lime_to_rules_best_ts+shap_to_rules_best_ts_intersection_5dc42d1f2867.pickle,metric_con_cov_xratio,worst
ECGFiveDays,univariate,lime_to_rules_best_ts+shap_to_rules_best_ts,intersection,0.0,0.0,0.0,0.0,0.0,0.0,0.0,0.0,lime_to_rules_best_ts+shap_to_rules_best_ts_intersection_5dc42d1f2867.pickle,metric_con_cov_xratio,worst
GunPoint,univariate,lime_to_rules_best_ts+shap_to_rules_best_ts,intersection,0.0,0.0,0.0,0.0,0.0,0.0,0.0,0.0,lime_to_rules_best_ts+shap_to_rules_best_ts_intersection_5dc42d1f2867.pickle,metric_con_cov_xratio,worst
GunPoint,univariate,shap_to_rules_best_ts,lasso_global,10.654951286261632,0.6299990502063288,0.4684210526315789,38.0,23.939963907840497,11.213983093672654,0.6,0.0,shap_to_rules_best_ts_lasso_global_5dc42d1f2867.pickle,normalized_final_metric,best
ProximalPhalanxTW,univariate,anchor_ts,benchmark,15.303782495530635,0.8121348698247418,0.2065158615717375,96.05263157894736,78.00769144369231,16.109825607716378,3.8289473684210527,2.0,anchor_ts_best_5dc42d1f2867.pickle,normalized_final_metric,best
ECGFiveDays,univariate,anchor_ts,lasso,19.878790360557726,0.9481119448776588,0.2147580925861468,100.0,94.81119448776587,20.3614712840068,1.9049773755656108,2.0,anchor_ts_lasso_5dc42d1f2867.pickle,normalized_final_metric,best
Plane,univariate,anchor_ts,lasso,12.60234959060164,0.9579290206648698,0.1317194731221075,100.0,95.792902066487,12.617790589035312,4.0,4.0,anchor_ts_lasso_5dc42d1f2867.pickle,normalized_final_metric,best
ArticularyWordRecognition,multivariate,lime_to_rules_best_ts,weighted,0.3229168870734948,0.7879735151426528,0.0746687054026503,75.69444444444444,59.64521746565914,4.453631171620318,93.54166666666669,16.0,lime_to_rules_best_ts_weighted_5dc42d1f2867.pickle,normalized_final_metric,middle
DodgerLoopDay,univariate,lime_to_rules_best_ts+shap_to_rules_best_ts,intersection,1.217460319437475,0.9423076923076924,0.0317307692307692,65.0,61.25,1.943509615384616,10.1,4.0,lime_to_rules_best_ts+shap_to_rules_best_ts_intersection_5dc42d1f2867.pickle,normalized_final_metric,middle
DodgerLoopGame,univariate,anchor_ts+lime_to_rules_best_ts+shap_to_rules_best_ts,intersection,4.738042367078635,0.8317067567767847,0.1523809523809524,52.5,43.6646047307812,6.653654054214279,14.425,1.0,anchor_ts+lime_to_rules_best_ts+shap_to_rules_best_ts_intersection_5dc42d1f2867.pickle,normalized_final_metric,middle
ECG200,univariate,lime_to_rules_best_ts+shap_to_rules_best_ts,lasso,14.686366328889546,0.9456273309070792,0.1624,100.0,94.56273309070792,15.356987853930963,7.34,5.0,lime_to_rules_best_ts+shap_to_rules_best_ts_lasso_5dc42d1f2867.pickle,normalized_final_metric,middle
DistalPhalanxOutlineAgeGroup,univariate,anchor_ts,lasso,23.35283149085944,0.9069345614752272,0.2724279835390946,100.0,90.69345614752272,24.70743537846092,1.8444444444444448,2.0,anchor_ts_lasso_5dc42d1f2867.pickle,normalized_final_metric,worst
DistalPhalanxOutlineAgeGroup,univariate,anchor_ts,lasso_global,12.570785213078938,0.7649001446907089,0.453817082388511,36.2962962962963,27.76304228877388,12.59934284972021,0.4592592592592592,0.0,anchor_ts_lasso_global_5dc42d1f2867.pickle,normalized_final_metric,worst
DistalPhalanxOutlineCorrect,univariate,anchor_ts,benchmark,15.295575268914362,0.7510044330913581,0.228122849815475,100.0,75.10044330913581,17.132127150085587,2.3424657534246576,2.0,anchor_ts_best_5dc42d1f2867.pickle,normalized_final_metric,worst
Libras,multivariate,anchor_ts,benchmark,1.3843243943433143,0.8554022366522367,0.0414141414141414,48.888888888888886,41.81966490299824,1.731925516184775,5.7,0.0,anchor_ts_best_5dc42d1f2867.pickle,normalized_final_metric,worst
DodgerLoopGame,univariate,anchor_ts+lime_to_rules_best_ts+shap_to_rules_best_ts,best,6.274212700015378,0.9384999973235268,0.0945945945945946,92.5,86.81124975242624,8.21187497658086,29.7,6.0,anchor_ts+lime_to_rules_best_ts+shap_to_rules_best_ts_best_5dc42d1f2867.pickle,normalized_metric_con_xratio,best
Plane,univariate,anchor_ts+lime_to_rules_best_ts+shap_to_rules_best_ts,best,11.166905199807886,1.0,0.1139195443218227,100.0,100.0,11.391954432182274,10.81132075471698,5.0,anchor_ts+lime_to_rules_best_ts+shap_to_rules_best_ts_best_5dc42d1f2867.pickle,normalized_metric_con_xratio,best
UMD,univariate,lime_to_rules_best_ts+shap_to_rules_best_ts,union,3.098079354061874,0.9788888888888888,0.0553086419753086,100.0,97.88888888888889,5.414101508916322,29.57777777777778,24.0,lime_to_rules_best_ts+shap_to_rules_best_ts_union_5dc42d1f2867.pickle,normalized_metric_con_xratio,best
UMD,univariate,shap_to_rules_best_ts,lasso,6.354633021299685,0.9741269841269842,0.0711111111111111,100.0,97.41269841269842,6.927125220458554,5.066666666666666,4.0,shap_to_rules_best_ts_lasso_5dc42d1f2867.pickle,normalized_metric_con_xratio,best
DodgerLoopDay,univariate,lime_to_rules_best_ts,lasso_global,2.513599758085052,0.5321823274764451,0.154,62.5,33.26139546727782,5.122254901960784,1.275,1.0,lime_to_rules_best_ts_lasso_global_5dc42d1f2867.pickle,normalized_metric_con_xratio,middle
UMD,univariate,anchor_ts+lime_to_rules_best_ts+shap_to_rules_best_ts,lasso_global,9.739991186116512,0.7551261683106207,0.2623655913978494,68.88888888888889,52.01980270584276,13.648206301317884,1.0888888888888888,1.0,anchor_ts+lime_to_rules_best_ts+shap_to_rules_best_ts_lasso_global_5dc42d1f2867.pickle,normalized_metric_con_xratio,middle
ECG200,univariate,anchor_ts+lime_to_rules_best_ts,weighted,15.719012562351944,0.9133583685909266,0.2102325581395348,86.0,78.54881969881968,16.513519304123946,7.34,2.0,anchor_ts+lime_to_rules_best_ts_weighted_5dc42d1f2867.pickle,normalized_metric_con_xratio,middle
DodgerLoopGame,univariate,anchor_ts+shap_to_rules_best_ts,lasso,5.281818181818182,0.925790513833992,0.1043478260869565,57.5,53.23295454545453,5.554743083003952,2.1,2.0,anchor_ts+shap_to_rules_best_ts_lasso_5dc42d1f2867.pickle,normalized_metric_con_xratio,middle
Trace,univariate,anchor_ts,benchmark,2.88,0.979591836734694,0.2085714285714285,14.0,13.714285714285714,2.8604081632653062,0.38,0.0,anchor_ts_best_5dc42d1f2867.pickle,normalized_metric_con_xratio,worst
MiddlePhalanxOutlineAgeGroup,univariate,anchor_ts,weighted,23.502924279281608,0.9380420459621706,0.2533512758138812,100.0,93.80420459621706,23.76541491115793,2.0575539568345325,2.0,anchor_ts_weighted_5dc42d1f2867.pickle,normalized_metric_con_xratio,worst
MiddlePhalanxOutlineAgeGroup,univariate,anchor_ts,benchmark,23.502924279281608,0.9380420459621706,0.2533512758138812,100.0,93.80420459621706,23.76541491115793,2.0575539568345325,2.0,anchor_ts_best_5dc42d1f2867.pickle,normalized_metric_con_xratio,worst
Libras,multivariate,anchor_ts,benchmark,1.3843243943433143,0.8554022366522367,0.0414141414141414,48.888888888888886,41.81966490299824,1.731925516184775,5.7,0.0,anchor_ts_best_5dc42d1f2867.pickle,normalized_metric_con_xratio,worst
DodgerLoopDay,univariate,anchor_ts+lime_to_rules_best_ts,best,1.2917180176395384,0.9452991452991452,0.0346153846153846,97.5,92.16666666666666,3.1903846153846143,66.85,33.5,anchor_ts+lime_to_rules_best_ts_best_5dc42d1f2867.pickle,normalized_metric_con_cov_xratio,best
Wafer,univariate,anchor_ts+shap_to_rules_best_ts,best,33.099120083790915,0.981038879956258,0.3430278759016248,100.0,98.1038879956258,33.65236831683043,10.160804020100503,2.0,anchor_ts+shap_to_rules_best_ts_best_5dc42d1f2867.pickle,normalized_metric_con_cov_xratio,best
ECGFiveDays,univariate,anchor_ts+lime_to_rules_best_ts,union,5.925647938966899,0.9720685548114856,0.069941237894392,100.0,97.20685548114857,6.798767804172795,10.497737556561086,11.0,anchor_ts+lime_to_rules_best_ts_union_5dc42d1f2867.pickle,normalized_metric_con_cov_xratio,best
GunPointAgeSpan,univariate,lime_to_rules_best_ts+shap_to_rules_best_ts,union,16.541338124719534,0.6970710559654094,0.4100294985250738,92.92035398230088,64.77208927112211,26.55846728225951,18.76991150442478,14.0,lime_to_rules_best_ts+shap_to_rules_best_ts_union_5dc42d1f2867.pickle,normalized_metric_con_cov_xratio,best
ProximalPhalanxTW,univariate,anchor_ts+lime_to_rules_best_ts+shap_to_rules_best_ts,intersection,16.586283528017276,0.7299147138087979,0.3348997493734336,69.07894736842105,50.42174009863407,16.886228122004955,0.9342105263157896,1.0,anchor_ts+lime_to_rules_best_ts+shap_to_rules_best_ts_intersection_5dc42d1f2867.pickle,normalized_metric_con_cov_xratio,middle
DodgerLoopGame,univariate,lime_to_rules_best_ts+shap_to_rules_best_ts,best,4.818278356581034,0.9380085968321262,0.0797297297297297,92.5,86.76579520697167,6.917813401636932,32.95,8.0,lime_to_rules_best_ts+shap_to_rules_best_ts_best_5dc42d1f2867.pickle,normalized_metric_con_cov_xratio,middle
DodgerLoopGame,univariate,lime_to_rules_best_ts+shap_to_rules_best_ts,lasso_global,9.67361111111111,0.8284144718146602,0.3044117647058824,42.5,35.20761505212306,10.71761222910217,0.925,0.0,lime_to_rules_best_ts+shap_to_rules_best_ts_lasso_global_5dc42d1f2867.pickle,normalized_metric_con_cov_xratio,middle
Wafer,univariate,lime_to_rules_best_ts+shap_to_rules_best_ts,weighted,12.480769549686944,0.9018277010196644,0.1977737087647875,88.7213847012842,80.01140239644036,15.824151795415816,5.736460078168621,4.0,lime_to_rules_best_ts+shap_to_rules_best_ts_weighted_5dc42d1f2867.pickle,normalized_metric_con_cov_xratio,middle
DistalPhalanxOutlineAgeGroup,univariate,anchor_ts,benchmark,22.957769762464373,0.915333616473344,0.266556927297668,100.0,91.5333616473344,24.398851625939677,2.0148148148148146,2.0,anchor_ts_best_5dc42d1f2867.pickle,normalized_metric_con_cov_xratio,worst
DistalPhalanxOutlineAgeGroup,univariate,anchor_ts,lasso,23.35283149085944,0.9069345614752272,0.2724279835390946,100.0,90.69345614752272,24.70743537846092,1.8444444444444448,2.0,anchor_ts_lasso_5dc42d1f2867.pickle,normalized_metric_con_cov_xratio,worst
DistalPhalanxOutlineAgeGroup,univariate,anchor_ts,lasso_global,12.570785213078938,0.7649001446907089,0.453817082388511,36.2962962962963,27.76304228877388,12.59934284972021,0.4592592592592592,0.0,anchor_ts_lasso_global_5dc42d1f2867.pickle,normalized_metric_con_cov_xratio,worst
Libras,multivariate,anchor_ts,benchmark,1.3843243943433143,0.8554022366522367,0.0414141414141414,48.888888888888886,41.81966490299824,1.731925516184775,5.7,0.0,anchor_ts_best_5dc42d1f2867.pickle,normalized_metric_con_cov_xratio,worst
