dataset,data_type,rules_combination,method,final_metric,avg_confidence,avg_coverage,explained_ratio,metric_con_xratio,metric_con_cov_xratio,avg_features_count,median_features_count,filename,metric_used,candidate_type
Wafer,univariate,anchor_ts,weighted,43.47572871108541,0.9624220218742195,0.4929622938458658,92.4064768285874,88.9340282636423,43.84112257379817,1.7828029034059183,2.0,anchor_ts_weighted_5dc42d1f2867.pickle,final_metric,best
Wafer,univariate,anchor_ts,benchmark,43.47572871108541,0.9624220218742195,0.4929622938458658,92.4064768285874,88.9340282636423,43.84112257379817,1.7828029034059183,2.0,anchor_ts_best_5dc42d1f2867.pickle,final_metric,best
Wafer,univariate,shap_to_rules_best_ts,lasso,39.41630812733438,0.9372830998778876,0.443534495592268,93.18816303740928,87.34369032362895,38.739939630858025,2.577331099944165,2.0,shap_to_rules_best_ts_lasso_5dc42d1f2867.pickle,final_metric,best
Wafer,univariate,lime_to_rules_best_ts+shap_to_rules_best_ts,lasso,39.3627380099988,0.9418267530714816,0.442614510539516,93.18816303740928,87.76710501821903,38.84699422910931,2.551647124511446,2.0,lime_to_rules_best_ts+shap_to_rules_best_ts_lasso_5dc42d1f2867.pickle,final_metric,best
DodgerLoopGame,univariate,anchor_ts+shap_to_rules_best_ts,lasso_global,6.8500000000000005,0.872800762455935,0.2285714285714286,35.0,30.548026685957723,6.982406099647481,0.575,0.0,anchor_ts+shap_to_rules_best_ts_lasso_global_5dc42d1f2867.pickle,final_metric,middle
ECGFiveDays,univariate,lime_to_rules_best_ts+shap_to_rules_best_ts,lasso,6.815245291275457,0.9009970069763455,0.0831883049077619,100.0,90.09970069763456,7.495241373732912,6.705882352941177,6.0,lime_to_rules_best_ts+shap_to_rules_best_ts_lasso_5dc42d1f2867.pickle,final_metric,middle
ECG200,univariate,anchor_ts+lime_to_rules_best_ts+shap_to_rules_best_ts,intersection,6.815238095238095,0.8057063071504065,0.3071428571428571,28.0,22.559776600211386,6.929074241493495,0.28,0.0,anchor_ts+lime_to_rules_best_ts+shap_to_rules_best_ts_intersection_5dc42d1f2867.pickle,final_metric,middle
Wafer,univariate,anchor_ts+lime_to_rules_best_ts+shap_to_rules_best_ts,union,6.793680974985293,0.9962838449248896,0.0732594668858904,100.0,99.62838449248896,7.298722334622258,18.301507537688444,12.0,anchor_ts+lime_to_rules_best_ts+shap_to_rules_best_ts_union_5dc42d1f2867.pickle,final_metric,middle
BasicMotions,multivariate,lime_to_rules_best_ts,benchmark,0.015081089782285,0.75,0.0375,20.0,15.0,0.5625000000000001,98.8,0.0,lime_to_rules_best_ts_best_5dc42d1f2867.pickle,final_metric,worst
GunPoint,univariate,lime_to_rules_best_ts+shap_to_rules_best_ts,intersection,0.0,0.0,0.0,0.0,0.0,0.0,0.0,0.0,lime_to_rules_best_ts+shap_to_rules_best_ts_intersection_5dc42d1f2867.pickle,final_metric,worst
ECGFiveDays,univariate,anchor_ts+lime_to_rules_best_ts+shap_to_rules_best_ts,intersection,0.0,0.0,0.0,0.0,0.0,0.0,0.0,0.0,anchor_ts+lime_to_rules_best_ts+shap_to_rules_best_ts_intersection_5dc42d1f2867.pickle,final_metric,worst
ECGFiveDays,univariate,lime_to_rules_best_ts+shap_to_rules_best_ts,intersection,0.0,0.0,0.0,0.0,0.0,0.0,0.0,0.0,lime_to_rules_best_ts+shap_to_rules_best_ts_intersection_5dc42d1f2867.pickle,final_metric,worst
DodgerLoopGame,univariate,lime_to_rules_best_ts,benchmark,5.153699140507254,0.8473869693079252,0.1429687499999999,80.0,67.79095754463401,9.691988461459394,31.35,6.0,lime_to_rules_best_ts_best_5dc42d1f2867.pickle,final_metric,benchmark
DodgerLoopGame,univariate,shap_to_rules_best_ts,benchmark,2.564673913043478,0.924561403508772,0.0618421052631579,47.5,43.91666666666666,2.7158991228070177,2.8,0.0,shap_to_rules_best_ts_best_5dc42d1f2867.pickle,final_metric,benchmark
DodgerLoopGame,univariate,anchor_ts,benchmark,2.8125,0.8616477272727273,0.165625,20.0,17.232954545454547,2.8542080965909093,0.475,0.0,anchor_ts_best_5dc42d1f2867.pickle,final_metric,benchmark
ECGFiveDays,univariate,anchor_ts,benchmark,18.472185254192173,0.9504670620846288,0.1983988861816915,100.0,95.0467062084629,18.85716064699751,2.248868778280543,2.0,anchor_ts_best_5dc42d1f2867.pickle,final_metric,benchmark
ECGFiveDays,univariate,shap_to_rules_best_ts,benchmark,8.834984350363808,0.8808901682669298,0.1066931471509592,100.0,88.08901682669298,9.398494434673676,5.475113122171946,5.0,shap_to_rules_best_ts_best_5dc42d1f2867.pickle,final_metric,benchmark
ECGFiveDays,univariate,lime_to_rules_best_ts,benchmark,14.130806349368925,0.6302180318081526,0.2737658934092258,100.0,63.02180318081526,17.25322025205628,8.266968325791856,8.0,lime_to_rules_best_ts_best_5dc42d1f2867.pickle,final_metric,benchmark
ECG200,univariate,anchor_ts,benchmark,22.520000000000003,0.8886011581873652,0.2596,100.0,88.86011581873652,23.068086066544,1.9,2.0,anchor_ts_best_5dc42d1f2867.pickle,final_metric,benchmark
ECG200,univariate,shap_to_rules_best_ts,benchmark,16.619736263736264,0.8588370869283172,0.1928,100.0,85.88370869283172,16.55837903597796,5.44,4.0,shap_to_rules_best_ts_best_5dc42d1f2867.pickle,final_metric,benchmark
ECG200,univariate,lime_to_rules_best_ts,benchmark,6.491326143239029,0.9099876314162028,0.1228571428571428,70.0,63.69913419913419,7.825893630179343,11.68,3.5,lime_to_rules_best_ts_best_5dc42d1f2867.pickle,final_metric,benchmark
GunPoint,univariate,shap_to_rules_best_ts,benchmark,26.31780221391836,0.7613802951577452,0.4128,100.0,76.13802951577452,31.429778584111723,9.32,9.0,shap_to_rules_best_ts_best_5dc42d1f2867.pickle,final_metric,benchmark
GunPoint,univariate,lime_to_rules_best_ts,benchmark,13.810081891964249,0.6580316874201314,0.242,100.0,65.80316874201314,15.92436683556718,9.34,9.0,lime_to_rules_best_ts_best_5dc42d1f2867.pickle,final_metric,benchmark
Wafer,univariate,shap_to_rules_best_ts,benchmark,26.48977845759566,0.9515156702217992,0.2847574306796717,100.0,95.15156702217992,27.095115750380533,14.579006141820212,9.0,shap_to_rules_best_ts_best_5dc42d1f2867.pickle,final_metric,benchmark
Wafer,univariate,anchor_ts,benchmark,43.47572871108541,0.9624220218742195,0.4929622938458658,92.4064768285874,88.9340282636423,43.84112257379817,1.7828029034059183,2.0,anchor_ts_best_5dc42d1f2867.pickle,final_metric,benchmark
Wafer,univariate,lime_to_rules_best_ts,benchmark,2.099522253595932,0.985757321430721,0.028509302852405,76.10273590173088,75.0188290960398,2.138734518331812,3.112786152987158,2.0,lime_to_rules_best_ts_best_5dc42d1f2867.pickle,final_metric,benchmark
BasicMotions,multivariate,shap_to_rules_best_ts,benchmark,0.3920221574954993,0.9,0.05,100.0,90.0,4.500000000000001,131.9,122.0,shap_to_rules_best_ts_best_5dc42d1f2867.pickle,final_metric,benchmark
BasicMotions,multivariate,lime_to_rules_best_ts,benchmark,0.015081089782285,0.75,0.0375,20.0,15.0,0.5625000000000001,98.8,0.0,lime_to_rules_best_ts_best_5dc42d1f2867.pickle,final_metric,benchmark
DodgerLoopDay,univariate,anchor_ts+lime_to_rules_best_ts+shap_to_rules_best_ts,best,1.246242609928377,1.0,0.028125,100.0,100.0,2.8125,73.325,48.5,anchor_ts+lime_to_rules_best_ts+shap_to_rules_best_ts_best_5dc42d1f2867.pickle,metric_con_xratio,best
Plane,univariate,shap_to_rules_best_ts,weighted,0.451998540706792,1.0,0.0202919188323246,100.0,100.0,2.029191883232467,51.75471698113208,43.0,shap_to_rules_best_ts_weighted_5dc42d1f2867.pickle,metric_con_xratio,best
DodgerLoopDay,univariate,lime_to_rules_best_ts+shap_to_rules_best_ts,lasso,0.8648495717026777,1.0,0.025,100.0,100.0,2.5,32.7,36.5,lime_to_rules_best_ts+shap_to_rules_best_ts_lasso_5dc42d1f2867.pickle,metric_con_xratio,best
DodgerLoopDay,univariate,lime_to_rules_best_ts+shap_to_rules_best_ts,best,0.8242365077163253,1.0,0.025,100.0,100.0,2.5,77.975,55.0,lime_to_rules_best_ts+shap_to_rules_best_ts_best_5dc42d1f2867.pickle,metric_con_xratio,best
SmoothSubspace,univariate,anchor_ts,lasso_global,20.974174972314508,0.7727771951778661,0.2971689497716894,97.33333333333331,75.21698033064564,22.352151049855784,1.96,2.0,anchor_ts_lasso_global_5dc42d1f2867.pickle,metric_con_xratio,middle
DistalPhalanxOutlineCorrect,univariate,anchor_ts,weighted,15.295575268914362,0.7510044330913581,0.228122849815475,100.0,75.10044330913581,17.132127150085587,2.3424657534246576,2.0,anchor_ts_weighted_5dc42d1f2867.pickle,metric_con_xratio,middle
DistalPhalanxOutlineCorrect,univariate,anchor_ts,benchmark,15.295575268914362,0.7510044330913581,0.228122849815475,100.0,75.10044330913581,17.132127150085587,2.3424657534246576,2.0,anchor_ts_best_5dc42d1f2867.pickle,metric_con_xratio,middle
Wafer,univariate,lime_to_rules_best_ts,benchmark,2.099522253595932,0.985757321430721,0.028509302852405,76.10273590173088,75.0188290960398,2.138734518331812,3.112786152987158,2.0,lime_to_rules_best_ts_best_5dc42d1f2867.pickle,metric_con_xratio,middle
Wafer,univariate,lime_to_rules_best_ts+shap_to_rules_best_ts,lasso_global,0.0332777651746579,0.2111094252891117,0.3644891122278057,1.3958682300390843,0.2946809398228808,0.1074079941464972,0.0184254606365159,0.0,lime_to_rules_best_ts+shap_to_rules_best_ts_lasso_global_5dc42d1f2867.pickle,metric_con_xratio,worst
GunPoint,univariate,lime_to_rules_best_ts+shap_to_rules_best_ts,intersection,0.0,0.0,0.0,0.0,0.0,0.0,0.0,0.0,lime_to_rules_best_ts+shap_to_rules_best_ts_intersection_5dc42d1f2867.pickle,metric_con_xratio,worst
ECGFiveDays,univariate,lime_to_rules_best_ts+shap_to_rules_best_ts,intersection,0.0,0.0,0.0,0.0,0.0,0.0,0.0,0.0,lime_to_rules_best_ts+shap_to_rules_best_ts_intersection_5dc42d1f2867.pickle,metric_con_xratio,worst
ECGFiveDays,univariate,anchor_ts+lime_to_rules_best_ts+shap_to_rules_best_ts,intersection,0.0,0.0,0.0,0.0,0.0,0.0,0.0,0.0,anchor_ts+lime_to_rules_best_ts+shap_to_rules_best_ts_intersection_5dc42d1f2867.pickle,metric_con_xratio,worst
DodgerLoopDay,univariate,shap_to_rules_best_ts,benchmark,1.5961605214366177,0.9645833333333332,0.031875,100.0,96.45833333333331,3.074609375,46.4,30.0,shap_to_rules_best_ts_best_5dc42d1f2867.pickle,metric_con_xratio,benchmark
DodgerLoopDay,univariate,lime_to_rules_best_ts,benchmark,0.8697119154274865,0.9452991452991452,0.0314102564102564,97.5,92.16666666666666,2.894978632478632,71.5,43.0,lime_to_rules_best_ts_best_5dc42d1f2867.pickle,metric_con_xratio,benchmark
DodgerLoopDay,univariate,anchor_ts,benchmark,1.6125,0.7033068783068782,0.1222222222222222,22.5,15.82440476190476,1.9340939153439152,0.7,0.0,anchor_ts_best_5dc42d1f2867.pickle,metric_con_xratio,benchmark
ECGFiveDays,univariate,anchor_ts,benchmark,18.472185254192173,0.9504670620846288,0.1983988861816915,100.0,95.0467062084629,18.85716064699751,2.248868778280543,2.0,anchor_ts_best_5dc42d1f2867.pickle,metric_con_xratio,benchmark
ECGFiveDays,univariate,shap_to_rules_best_ts,benchmark,8.834984350363808,0.8808901682669298,0.1066931471509592,100.0,88.08901682669298,9.398494434673676,5.475113122171946,5.0,shap_to_rules_best_ts_best_5dc42d1f2867.pickle,metric_con_xratio,benchmark
ECGFiveDays,univariate,lime_to_rules_best_ts,benchmark,14.130806349368925,0.6302180318081526,0.2737658934092258,100.0,63.02180318081526,17.25322025205628,8.266968325791856,8.0,lime_to_rules_best_ts_best_5dc42d1f2867.pickle,metric_con_xratio,benchmark
Plane,univariate,shap_to_rules_best_ts,benchmark,0.451998540706792,1.0,0.0202919188323246,100.0,100.0,2.029191883232467,51.75471698113208,43.0,shap_to_rules_best_ts_best_5dc42d1f2867.pickle,metric_con_xratio,benchmark
Plane,univariate,anchor_ts,benchmark,12.353150587397652,0.9643980233602876,0.1281594873620505,100.0,96.43980233602876,12.359675628682933,4.377358490566038,4.0,anchor_ts_best_5dc42d1f2867.pickle,metric_con_xratio,benchmark
Plane,univariate,lime_to_rules_best_ts,benchmark,2.717381172108848,0.9050314465408804,0.0583837664649341,100.0,90.50314465408805,5.28391446182643,21.943396226415093,21.0,lime_to_rules_best_ts_best_5dc42d1f2867.pickle,metric_con_xratio,benchmark
DistalPhalanxOutlineCorrect,univariate,anchor_ts,benchmark,15.295575268914362,0.7510044330913581,0.228122849815475,100.0,75.10044330913581,17.132127150085587,2.3424657534246576,2.0,anchor_ts_best_5dc42d1f2867.pickle,metric_con_xratio,benchmark
SmoothSubspace,univariate,anchor_ts,benchmark,14.512940404413277,0.8191777252556827,0.1898666666666666,100.0,81.91777252556827,15.553454410187896,2.506666666666667,2.0,anchor_ts_best_5dc42d1f2867.pickle,metric_con_xratio,benchmark
GunPoint,univariate,shap_to_rules_best_ts,benchmark,26.31780221391836,0.7613802951577452,0.4128,100.0,76.13802951577452,31.429778584111723,9.32,9.0,shap_to_rules_best_ts_best_5dc42d1f2867.pickle,metric_con_xratio,benchmark
GunPoint,univariate,lime_to_rules_best_ts,benchmark,13.810081891964249,0.6580316874201314,0.242,100.0,65.80316874201314,15.92436683556718,9.34,9.0,lime_to_rules_best_ts_best_5dc42d1f2867.pickle,metric_con_xratio,benchmark
Wafer,univariate,shap_to_rules_best_ts,benchmark,26.48977845759566,0.9515156702217992,0.2847574306796717,100.0,95.15156702217992,27.095115750380533,14.579006141820212,9.0,shap_to_rules_best_ts_best_5dc42d1f2867.pickle,metric_con_xratio,benchmark
Wafer,univariate,anchor_ts,benchmark,43.47572871108541,0.9624220218742195,0.4929622938458658,92.4064768285874,88.9340282636423,43.84112257379817,1.7828029034059183,2.0,anchor_ts_best_5dc42d1f2867.pickle,metric_con_xratio,benchmark
Wafer,univariate,lime_to_rules_best_ts,benchmark,2.099522253595932,0.985757321430721,0.028509302852405,76.10273590173088,75.0188290960398,2.138734518331812,3.112786152987158,2.0,lime_to_rules_best_ts_best_5dc42d1f2867.pickle,metric_con_xratio,benchmark
Wafer,univariate,anchor_ts,weighted,43.47572871108541,0.9624220218742195,0.4929622938458658,92.4064768285874,88.9340282636423,43.84112257379817,1.7828029034059183,2.0,anchor_ts_weighted_5dc42d1f2867.pickle,metric_con_cov_xratio,best
Wafer,univariate,anchor_ts,benchmark,43.47572871108541,0.9624220218742195,0.4929622938458658,92.4064768285874,88.9340282636423,43.84112257379817,1.7828029034059183,2.0,anchor_ts_best_5dc42d1f2867.pickle,metric_con_cov_xratio,best
Strawberry,univariate,anchor_ts,lasso_global,37.95029413708772,0.8287397519878054,0.4919525414766342,100.0,82.87397519878054,40.77006272131163,1.016260162601626,1.0,anchor_ts_lasso_global_5dc42d1f2867.pickle,metric_con_cov_xratio,best
Wafer,univariate,lime_to_rules_best_ts+shap_to_rules_best_ts,lasso,39.3627380099988,0.9418267530714816,0.442614510539516,93.18816303740928,87.76710501821903,38.84699422910931,2.551647124511446,2.0,lime_to_rules_best_ts+shap_to_rules_best_ts_lasso_5dc42d1f2867.pickle,metric_con_cov_xratio,best
MedicalImages,univariate,anchor_ts,benchmark,5.403077240578455,0.6357815731014633,0.161591097074968,97.55244755244756,62.022048564793096,10.022210870421862,5.7727272727272725,3.0,anchor_ts_best_5dc42d1f2867.pickle,metric_con_cov_xratio,middle
MedicalImages,univariate,anchor_ts,weighted,5.403077240578455,0.6357815731014633,0.161591097074968,97.55244755244756,62.022048564793096,10.022210870421862,5.7727272727272725,3.0,anchor_ts_weighted_5dc42d1f2867.pickle,metric_con_cov_xratio,middle
MedicalImages,univariate,anchor_ts,lasso,5.507570495947729,0.628372014884848,0.1634960022056796,97.55244755244756,61.29922802547992,10.02217872046032,5.143356643356643,3.0,anchor_ts_lasso_5dc42d1f2867.pickle,metric_con_cov_xratio,middle
DiatomSizeReduction,univariate,lime_to_rules_best_ts,lasso_global,7.23983738835218,0.4579161356530247,0.5353535353535352,40.74074074074074,18.655842563641748,9.98747127144457,0.5802469135802469,0.0,lime_to_rules_best_ts_lasso_global_5dc42d1f2867.pickle,metric_con_cov_xratio,middle
Wafer,univariate,lime_to_rules_best_ts,lasso_global,0.0227266988207368,0.990909090909091,0.0409268565047459,0.5583472920156337,0.5532714075427644,0.0226436595046815,0.0061418202121719,0.0,lime_to_rules_best_ts_lasso_global_5dc42d1f2867.pickle,metric_con_cov_xratio,worst
ECGFiveDays,univariate,anchor_ts+lime_to_rules_best_ts+shap_to_rules_best_ts,intersection,0.0,0.0,0.0,0.0,0.0,0.0,0.0,0.0,anchor_ts+lime_to_rules_best_ts+shap_to_rules_best_ts_intersection_5dc42d1f2867.pickle,metric_con_cov_xratio,worst
ECGFiveDays,univariate,lime_to_rules_best_ts+shap_to_rules_best_ts,intersection,0.0,0.0,0.0,0.0,0.0,0.0,0.0,0.0,lime_to_rules_best_ts+shap_to_rules_best_ts_intersection_5dc42d1f2867.pickle,metric_con_cov_xratio,worst
GunPoint,univariate,lime_to_rules_best_ts+shap_to_rules_best_ts,intersection,0.0,0.0,0.0,0.0,0.0,0.0,0.0,0.0,lime_to_rules_best_ts+shap_to_rules_best_ts_intersection_5dc42d1f2867.pickle,metric_con_cov_xratio,worst
ECGFiveDays,univariate,anchor_ts,benchmark,18.472185254192173,0.9504670620846288,0.1983988861816915,100.0,95.0467062084629,18.85716064699751,2.248868778280543,2.0,anchor_ts_best_5dc42d1f2867.pickle,metric_con_cov_xratio,benchmark
ECGFiveDays,univariate,shap_to_rules_best_ts,benchmark,8.834984350363808,0.8808901682669298,0.1066931471509592,100.0,88.08901682669298,9.398494434673676,5.475113122171946,5.0,shap_to_rules_best_ts_best_5dc42d1f2867.pickle,metric_con_cov_xratio,benchmark
ECGFiveDays,univariate,lime_to_rules_best_ts,benchmark,14.130806349368925,0.6302180318081526,0.2737658934092258,100.0,63.02180318081526,17.25322025205628,8.266968325791856,8.0,lime_to_rules_best_ts_best_5dc42d1f2867.pickle,metric_con_cov_xratio,benchmark
DiatomSizeReduction,univariate,shap_to_rules_best_ts,benchmark,6.1517357831808095,0.9503561474078864,0.1132228719948018,93.82716049382717,89.16921876913503,10.095995042574256,19.48148148148148,17.0,shap_to_rules_best_ts_best_5dc42d1f2867.pickle,metric_con_cov_xratio,benchmark
DiatomSizeReduction,univariate,lime_to_rules_best_ts,benchmark,3.30435958408097,0.8115575426843572,0.2197835695778082,100.0,81.15575426843571,17.83670136489625,53.901234567901234,53.0,lime_to_rules_best_ts_best_5dc42d1f2867.pickle,metric_con_cov_xratio,benchmark
MedicalImages,univariate,anchor_ts,benchmark,5.403077240578455,0.6357815731014633,0.161591097074968,97.55244755244756,62.022048564793096,10.022210870421862,5.7727272727272725,3.0,anchor_ts_best_5dc42d1f2867.pickle,metric_con_cov_xratio,benchmark
Strawberry,univariate,anchor_ts,benchmark,0.8377949633154868,0.9609504859329544,0.2021433850702143,4.471544715447155,4.296933067179878,0.8685965956198792,0.1138211382113821,0.0,anchor_ts_best_5dc42d1f2867.pickle,metric_con_cov_xratio,benchmark
GunPoint,univariate,shap_to_rules_best_ts,benchmark,26.31780221391836,0.7613802951577452,0.4128,100.0,76.13802951577452,31.429778584111723,9.32,9.0,shap_to_rules_best_ts_best_5dc42d1f2867.pickle,metric_con_cov_xratio,benchmark
GunPoint,univariate,lime_to_rules_best_ts,benchmark,13.810081891964249,0.6580316874201314,0.242,100.0,65.80316874201314,15.92436683556718,9.34,9.0,lime_to_rules_best_ts_best_5dc42d1f2867.pickle,metric_con_cov_xratio,benchmark
Wafer,univariate,shap_to_rules_best_ts,benchmark,26.48977845759566,0.9515156702217992,0.2847574306796717,100.0,95.15156702217992,27.095115750380533,14.579006141820212,9.0,shap_to_rules_best_ts_best_5dc42d1f2867.pickle,metric_con_cov_xratio,benchmark
Wafer,univariate,anchor_ts,benchmark,43.47572871108541,0.9624220218742195,0.4929622938458658,92.4064768285874,88.9340282636423,43.84112257379817,1.7828029034059183,2.0,anchor_ts_best_5dc42d1f2867.pickle,metric_con_cov_xratio,benchmark
Wafer,univariate,lime_to_rules_best_ts,benchmark,2.099522253595932,0.985757321430721,0.028509302852405,76.10273590173088,75.0188290960398,2.138734518331812,3.112786152987158,2.0,lime_to_rules_best_ts_best_5dc42d1f2867.pickle,metric_con_cov_xratio,benchmark
GunPoint,univariate,shap_to_rules_best_ts,lasso_global,10.654951286261632,0.6299990502063288,0.4684210526315789,38.0,23.939963907840497,11.213983093672654,0.6,0.0,shap_to_rules_best_ts_lasso_global_5dc42d1f2867.pickle,normalized_final_metric,best
ProximalPhalanxTW,univariate,anchor_ts,benchmark,15.303782495530635,0.8121348698247418,0.2065158615717375,96.05263157894736,78.00769144369231,16.109825607716378,3.8289473684210527,2.0,anchor_ts_best_5dc42d1f2867.pickle,normalized_final_metric,best
ECGFiveDays,univariate,anchor_ts,lasso,19.878790360557726,0.9481119448776588,0.2147580925861468,100.0,94.81119448776587,20.3614712840068,1.9049773755656108,2.0,anchor_ts_lasso_5dc42d1f2867.pickle,normalized_final_metric,best
Plane,univariate,anchor_ts,lasso,12.60234959060164,0.9579290206648698,0.1317194731221075,100.0,95.792902066487,12.617790589035312,4.0,4.0,anchor_ts_lasso_5dc42d1f2867.pickle,normalized_final_metric,best
ArticularyWordRecognition,multivariate,lime_to_rules_best_ts,weighted,0.3229168870734948,0.7879735151426528,0.0746687054026503,75.69444444444444,59.64521746565914,4.453631171620318,93.54166666666669,16.0,lime_to_rules_best_ts_weighted_5dc42d1f2867.pickle,normalized_final_metric,middle
DodgerLoopDay,univariate,lime_to_rules_best_ts+shap_to_rules_best_ts,intersection,1.217460319437475,0.9423076923076924,0.0317307692307692,65.0,61.25,1.943509615384616,10.1,4.0,lime_to_rules_best_ts+shap_to_rules_best_ts_intersection_5dc42d1f2867.pickle,normalized_final_metric,middle
DodgerLoopGame,univariate,anchor_ts+lime_to_rules_best_ts+shap_to_rules_best_ts,intersection,4.738042367078635,0.8317067567767847,0.1523809523809524,52.5,43.6646047307812,6.653654054214279,14.425,1.0,anchor_ts+lime_to_rules_best_ts+shap_to_rules_best_ts_intersection_5dc42d1f2867.pickle,normalized_final_metric,middle
ECG200,univariate,lime_to_rules_best_ts+shap_to_rules_best_ts,lasso,14.686366328889546,0.9456273309070792,0.1624,100.0,94.56273309070792,15.356987853930963,7.34,5.0,lime_to_rules_best_ts+shap_to_rules_best_ts_lasso_5dc42d1f2867.pickle,normalized_final_metric,middle
DistalPhalanxOutlineAgeGroup,univariate,anchor_ts,lasso,23.35283149085944,0.9069345614752272,0.2724279835390946,100.0,90.69345614752272,24.70743537846092,1.8444444444444448,2.0,anchor_ts_lasso_5dc42d1f2867.pickle,normalized_final_metric,worst
DistalPhalanxOutlineAgeGroup,univariate,anchor_ts,lasso_global,12.570785213078938,0.7649001446907089,0.453817082388511,36.2962962962963,27.76304228877388,12.59934284972021,0.4592592592592592,0.0,anchor_ts_lasso_global_5dc42d1f2867.pickle,normalized_final_metric,worst
DistalPhalanxOutlineCorrect,univariate,anchor_ts,benchmark,15.295575268914362,0.7510044330913581,0.228122849815475,100.0,75.10044330913581,17.132127150085587,2.3424657534246576,2.0,anchor_ts_best_5dc42d1f2867.pickle,normalized_final_metric,worst
Libras,multivariate,anchor_ts,benchmark,1.3843243943433143,0.8554022366522367,0.0414141414141414,48.888888888888886,41.81966490299824,1.731925516184775,5.7,0.0,anchor_ts_best_5dc42d1f2867.pickle,normalized_final_metric,worst
DodgerLoopGame,univariate,lime_to_rules_best_ts,benchmark,5.153699140507254,0.8473869693079252,0.1429687499999999,80.0,67.79095754463401,9.691988461459394,31.35,6.0,lime_to_rules_best_ts_best_5dc42d1f2867.pickle,normalized_final_metric,benchmark
DodgerLoopGame,univariate,shap_to_rules_best_ts,benchmark,2.564673913043478,0.924561403508772,0.0618421052631579,47.5,43.91666666666666,2.7158991228070177,2.8,0.0,shap_to_rules_best_ts_best_5dc42d1f2867.pickle,normalized_final_metric,benchmark
DodgerLoopGame,univariate,anchor_ts,benchmark,2.8125,0.8616477272727273,0.165625,20.0,17.232954545454547,2.8542080965909093,0.475,0.0,anchor_ts_best_5dc42d1f2867.pickle,normalized_final_metric,benchmark
ProximalPhalanxTW,univariate,anchor_ts,benchmark,15.303782495530635,0.8121348698247418,0.2065158615717375,96.05263157894736,78.00769144369231,16.109825607716378,3.8289473684210527,2.0,anchor_ts_best_5dc42d1f2867.pickle,normalized_final_metric,benchmark
ProximalPhalanxTW,univariate,lime_to_rules_best_ts,benchmark,2.102624058287825,0.7572138733540884,0.0423736149584487,100.0,75.72138733540883,3.2085889110701724,15.236842105263158,15.0,lime_to_rules_best_ts_best_5dc42d1f2867.pickle,normalized_final_metric,benchmark
ProximalPhalanxTW,univariate,shap_to_rules_best_ts,benchmark,13.443186819731878,0.6441845625349277,0.2706038351693186,84.86842105263158,54.67092668881952,14.794162434255222,4.8618421052631575,3.0,shap_to_rules_best_ts_best_5dc42d1f2867.pickle,normalized_final_metric,benchmark
DodgerLoopDay,univariate,shap_to_rules_best_ts,benchmark,1.5961605214366177,0.9645833333333332,0.031875,100.0,96.45833333333331,3.074609375,46.4,30.0,shap_to_rules_best_ts_best_5dc42d1f2867.pickle,normalized_final_metric,benchmark
DodgerLoopDay,univariate,lime_to_rules_best_ts,benchmark,0.8697119154274865,0.9452991452991452,0.0314102564102564,97.5,92.16666666666666,2.894978632478632,71.5,43.0,lime_to_rules_best_ts_best_5dc42d1f2867.pickle,normalized_final_metric,benchmark
DodgerLoopDay,univariate,anchor_ts,benchmark,1.6125,0.7033068783068782,0.1222222222222222,22.5,15.82440476190476,1.9340939153439152,0.7,0.0,anchor_ts_best_5dc42d1f2867.pickle,normalized_final_metric,benchmark
ECGFiveDays,univariate,anchor_ts,benchmark,18.472185254192173,0.9504670620846288,0.1983988861816915,100.0,95.0467062084629,18.85716064699751,2.248868778280543,2.0,anchor_ts_best_5dc42d1f2867.pickle,normalized_final_metric,benchmark
ECGFiveDays,univariate,shap_to_rules_best_ts,benchmark,8.834984350363808,0.8808901682669298,0.1066931471509592,100.0,88.08901682669298,9.398494434673676,5.475113122171946,5.0,shap_to_rules_best_ts_best_5dc42d1f2867.pickle,normalized_final_metric,benchmark
ECGFiveDays,univariate,lime_to_rules_best_ts,benchmark,14.130806349368925,0.6302180318081526,0.2737658934092258,100.0,63.02180318081526,17.25322025205628,8.266968325791856,8.0,lime_to_rules_best_ts_best_5dc42d1f2867.pickle,normalized_final_metric,benchmark
Plane,univariate,shap_to_rules_best_ts,benchmark,0.451998540706792,1.0,0.0202919188323246,100.0,100.0,2.029191883232467,51.75471698113208,43.0,shap_to_rules_best_ts_best_5dc42d1f2867.pickle,normalized_final_metric,benchmark
Plane,univariate,anchor_ts,benchmark,12.353150587397652,0.9643980233602876,0.1281594873620505,100.0,96.43980233602876,12.359675628682933,4.377358490566038,4.0,anchor_ts_best_5dc42d1f2867.pickle,normalized_final_metric,benchmark
Plane,univariate,lime_to_rules_best_ts,benchmark,2.717381172108848,0.9050314465408804,0.0583837664649341,100.0,90.50314465408805,5.28391446182643,21.943396226415093,21.0,lime_to_rules_best_ts_best_5dc42d1f2867.pickle,normalized_final_metric,benchmark
ECG200,univariate,anchor_ts,benchmark,22.520000000000003,0.8886011581873652,0.2596,100.0,88.86011581873652,23.068086066544,1.9,2.0,anchor_ts_best_5dc42d1f2867.pickle,normalized_final_metric,benchmark
ECG200,univariate,shap_to_rules_best_ts,benchmark,16.619736263736264,0.8588370869283172,0.1928,100.0,85.88370869283172,16.55837903597796,5.44,4.0,shap_to_rules_best_ts_best_5dc42d1f2867.pickle,normalized_final_metric,benchmark
ECG200,univariate,lime_to_rules_best_ts,benchmark,6.491326143239029,0.9099876314162028,0.1228571428571428,70.0,63.69913419913419,7.825893630179343,11.68,3.5,lime_to_rules_best_ts_best_5dc42d1f2867.pickle,normalized_final_metric,benchmark
DistalPhalanxOutlineAgeGroup,univariate,anchor_ts,benchmark,22.957769762464373,0.915333616473344,0.266556927297668,100.0,91.5333616473344,24.398851625939677,2.0148148148148146,2.0,anchor_ts_best_5dc42d1f2867.pickle,normalized_final_metric,benchmark
DistalPhalanxOutlineCorrect,univariate,anchor_ts,benchmark,15.295575268914362,0.7510044330913581,0.228122849815475,100.0,75.10044330913581,17.132127150085587,2.3424657534246576,2.0,anchor_ts_best_5dc42d1f2867.pickle,normalized_final_metric,benchmark
GunPoint,univariate,shap_to_rules_best_ts,benchmark,26.31780221391836,0.7613802951577452,0.4128,100.0,76.13802951577452,31.429778584111723,9.32,9.0,shap_to_rules_best_ts_best_5dc42d1f2867.pickle,normalized_final_metric,benchmark
GunPoint,univariate,lime_to_rules_best_ts,benchmark,13.810081891964249,0.6580316874201314,0.242,100.0,65.80316874201314,15.92436683556718,9.34,9.0,lime_to_rules_best_ts_best_5dc42d1f2867.pickle,normalized_final_metric,benchmark
ArticularyWordRecognition,multivariate,shap_to_rules_best_ts,benchmark,0.240949396157391,0.956626984126984,0.0110119047619047,97.22222222222224,93.0054012345679,1.0241666207378013,108.92361111111111,38.0,shap_to_rules_best_ts_best_5dc42d1f2867.pickle,normalized_final_metric,benchmark
ArticularyWordRecognition,multivariate,lime_to_rules_best_ts,benchmark,0.3229168870734948,0.6926541383108801,0.0656362007168458,86.11111111111111,59.64521746565912,3.914885465375922,190.82638888888889,42.5,lime_to_rules_best_ts_best_5dc42d1f2867.pickle,normalized_final_metric,benchmark
Libras,multivariate,anchor_ts,benchmark,1.3843243943433143,0.8554022366522367,0.0414141414141414,48.888888888888886,41.81966490299824,1.731925516184775,5.7,0.0,anchor_ts_best_5dc42d1f2867.pickle,normalized_final_metric,benchmark
DodgerLoopGame,univariate,anchor_ts+lime_to_rules_best_ts+shap_to_rules_best_ts,best,6.274212700015378,0.9384999973235268,0.0945945945945946,92.5,86.81124975242624,8.21187497658086,29.7,6.0,anchor_ts+lime_to_rules_best_ts+shap_to_rules_best_ts_best_5dc42d1f2867.pickle,normalized_metric_con_xratio,best
Plane,univariate,anchor_ts+lime_to_rules_best_ts+shap_to_rules_best_ts,best,11.166905199807886,1.0,0.1139195443218227,100.0,100.0,11.391954432182274,10.81132075471698,5.0,anchor_ts+lime_to_rules_best_ts+shap_to_rules_best_ts_best_5dc42d1f2867.pickle,normalized_metric_con_xratio,best
UMD,univariate,lime_to_rules_best_ts+shap_to_rules_best_ts,union,3.098079354061874,0.9788888888888888,0.0553086419753086,100.0,97.88888888888889,5.414101508916322,29.57777777777778,24.0,lime_to_rules_best_ts+shap_to_rules_best_ts_union_5dc42d1f2867.pickle,normalized_metric_con_xratio,best
UMD,univariate,shap_to_rules_best_ts,lasso,6.354633021299685,0.9741269841269842,0.0711111111111111,100.0,97.41269841269842,6.927125220458554,5.066666666666666,4.0,shap_to_rules_best_ts_lasso_5dc42d1f2867.pickle,normalized_metric_con_xratio,best
DodgerLoopDay,univariate,lime_to_rules_best_ts,lasso_global,2.513599758085052,0.5321823274764451,0.154,62.5,33.26139546727782,5.122254901960784,1.275,1.0,lime_to_rules_best_ts_lasso_global_5dc42d1f2867.pickle,normalized_metric_con_xratio,middle
UMD,univariate,anchor_ts+lime_to_rules_best_ts+shap_to_rules_best_ts,lasso_global,9.739991186116512,0.7551261683106207,0.2623655913978494,68.88888888888889,52.01980270584276,13.648206301317884,1.0888888888888888,1.0,anchor_ts+lime_to_rules_best_ts+shap_to_rules_best_ts_lasso_global_5dc42d1f2867.pickle,normalized_metric_con_xratio,middle
ECG200,univariate,anchor_ts+lime_to_rules_best_ts,weighted,15.719012562351944,0.9133583685909266,0.2102325581395348,86.0,78.54881969881968,16.513519304123946,7.34,2.0,anchor_ts+lime_to_rules_best_ts_weighted_5dc42d1f2867.pickle,normalized_metric_con_xratio,middle
DodgerLoopGame,univariate,anchor_ts+shap_to_rules_best_ts,lasso,5.281818181818182,0.925790513833992,0.1043478260869565,57.5,53.23295454545453,5.554743083003952,2.1,2.0,anchor_ts+shap_to_rules_best_ts_lasso_5dc42d1f2867.pickle,normalized_metric_con_xratio,middle
Trace,univariate,anchor_ts,benchmark,2.88,0.979591836734694,0.2085714285714285,14.0,13.714285714285714,2.8604081632653062,0.38,0.0,anchor_ts_best_5dc42d1f2867.pickle,normalized_metric_con_xratio,worst
MiddlePhalanxOutlineAgeGroup,univariate,anchor_ts,weighted,23.502924279281608,0.9380420459621706,0.2533512758138812,100.0,93.80420459621706,23.76541491115793,2.0575539568345325,2.0,anchor_ts_weighted_5dc42d1f2867.pickle,normalized_metric_con_xratio,worst
MiddlePhalanxOutlineAgeGroup,univariate,anchor_ts,benchmark,23.502924279281608,0.9380420459621706,0.2533512758138812,100.0,93.80420459621706,23.76541491115793,2.0575539568345325,2.0,anchor_ts_best_5dc42d1f2867.pickle,normalized_metric_con_xratio,worst
Libras,multivariate,anchor_ts,benchmark,1.3843243943433143,0.8554022366522367,0.0414141414141414,48.888888888888886,41.81966490299824,1.731925516184775,5.7,0.0,anchor_ts_best_5dc42d1f2867.pickle,normalized_metric_con_xratio,worst
DodgerLoopGame,univariate,lime_to_rules_best_ts,benchmark,5.153699140507254,0.8473869693079252,0.1429687499999999,80.0,67.79095754463401,9.691988461459394,31.35,6.0,lime_to_rules_best_ts_best_5dc42d1f2867.pickle,normalized_metric_con_xratio,benchmark
DodgerLoopGame,univariate,shap_to_rules_best_ts,benchmark,2.564673913043478,0.924561403508772,0.0618421052631579,47.5,43.91666666666666,2.7158991228070177,2.8,0.0,shap_to_rules_best_ts_best_5dc42d1f2867.pickle,normalized_metric_con_xratio,benchmark
DodgerLoopGame,univariate,anchor_ts,benchmark,2.8125,0.8616477272727273,0.165625,20.0,17.232954545454547,2.8542080965909093,0.475,0.0,anchor_ts_best_5dc42d1f2867.pickle,normalized_metric_con_xratio,benchmark
DodgerLoopDay,univariate,shap_to_rules_best_ts,benchmark,1.5961605214366177,0.9645833333333332,0.031875,100.0,96.45833333333331,3.074609375,46.4,30.0,shap_to_rules_best_ts_best_5dc42d1f2867.pickle,normalized_metric_con_xratio,benchmark
DodgerLoopDay,univariate,lime_to_rules_best_ts,benchmark,0.8697119154274865,0.9452991452991452,0.0314102564102564,97.5,92.16666666666666,2.894978632478632,71.5,43.0,lime_to_rules_best_ts_best_5dc42d1f2867.pickle,normalized_metric_con_xratio,benchmark
DodgerLoopDay,univariate,anchor_ts,benchmark,1.6125,0.7033068783068782,0.1222222222222222,22.5,15.82440476190476,1.9340939153439152,0.7,0.0,anchor_ts_best_5dc42d1f2867.pickle,normalized_metric_con_xratio,benchmark
UMD,univariate,shap_to_rules_best_ts,benchmark,3.967297356426099,0.9788888888888888,0.0637037037037037,100.0,97.88888888888889,6.235884773662551,22.844444444444445,20.0,shap_to_rules_best_ts_best_5dc42d1f2867.pickle,normalized_metric_con_xratio,benchmark
UMD,univariate,anchor_ts,benchmark,11.619225589225591,0.7595184784351451,0.1817283950617284,100.0,75.95184784351451,13.802607410574488,2.3777777777777778,2.0,anchor_ts_best_5dc42d1f2867.pickle,normalized_metric_con_xratio,benchmark
UMD,univariate,lime_to_rules_best_ts,benchmark,2.0050036875831823,0.7633859497989933,0.124074074074074,53.333333333333336,40.71391732261298,5.05154159373161,8.28888888888889,1.0,lime_to_rules_best_ts_best_5dc42d1f2867.pickle,normalized_metric_con_xratio,benchmark
Plane,univariate,shap_to_rules_best_ts,benchmark,0.451998540706792,1.0,0.0202919188323246,100.0,100.0,2.029191883232467,51.75471698113208,43.0,shap_to_rules_best_ts_best_5dc42d1f2867.pickle,normalized_metric_con_xratio,benchmark
Plane,univariate,anchor_ts,benchmark,12.353150587397652,0.9643980233602876,0.1281594873620505,100.0,96.43980233602876,12.359675628682933,4.377358490566038,4.0,anchor_ts_best_5dc42d1f2867.pickle,normalized_metric_con_xratio,benchmark
Plane,univariate,lime_to_rules_best_ts,benchmark,2.717381172108848,0.9050314465408804,0.0583837664649341,100.0,90.50314465408805,5.28391446182643,21.943396226415093,21.0,lime_to_rules_best_ts_best_5dc42d1f2867.pickle,normalized_metric_con_xratio,benchmark
ECG200,univariate,anchor_ts,benchmark,22.520000000000003,0.8886011581873652,0.2596,100.0,88.86011581873652,23.068086066544,1.9,2.0,anchor_ts_best_5dc42d1f2867.pickle,normalized_metric_con_xratio,benchmark
ECG200,univariate,shap_to_rules_best_ts,benchmark,16.619736263736264,0.8588370869283172,0.1928,100.0,85.88370869283172,16.55837903597796,5.44,4.0,shap_to_rules_best_ts_best_5dc42d1f2867.pickle,normalized_metric_con_xratio,benchmark
ECG200,univariate,lime_to_rules_best_ts,benchmark,6.491326143239029,0.9099876314162028,0.1228571428571428,70.0,63.69913419913419,7.825893630179343,11.68,3.5,lime_to_rules_best_ts_best_5dc42d1f2867.pickle,normalized_metric_con_xratio,benchmark
Trace,univariate,anchor_ts,benchmark,2.88,0.979591836734694,0.2085714285714285,14.0,13.714285714285714,2.8604081632653062,0.38,0.0,anchor_ts_best_5dc42d1f2867.pickle,normalized_metric_con_xratio,benchmark
MiddlePhalanxOutlineAgeGroup,univariate,anchor_ts,benchmark,23.502924279281608,0.9380420459621706,0.2533512758138812,100.0,93.80420459621706,23.76541491115793,2.0575539568345325,2.0,anchor_ts_best_5dc42d1f2867.pickle,normalized_metric_con_xratio,benchmark
Libras,multivariate,anchor_ts,benchmark,1.3843243943433143,0.8554022366522367,0.0414141414141414,48.888888888888886,41.81966490299824,1.731925516184775,5.7,0.0,anchor_ts_best_5dc42d1f2867.pickle,normalized_metric_con_xratio,benchmark
DodgerLoopDay,univariate,anchor_ts+lime_to_rules_best_ts,best,1.2917180176395384,0.9452991452991452,0.0346153846153846,97.5,92.16666666666666,3.1903846153846143,66.85,33.5,anchor_ts+lime_to_rules_best_ts_best_5dc42d1f2867.pickle,normalized_metric_con_cov_xratio,best
Wafer,univariate,anchor_ts+shap_to_rules_best_ts,best,33.099120083790915,0.981038879956258,0.3430278759016248,100.0,98.1038879956258,33.65236831683043,10.160804020100503,2.0,anchor_ts+shap_to_rules_best_ts_best_5dc42d1f2867.pickle,normalized_metric_con_cov_xratio,best
ECGFiveDays,univariate,anchor_ts+lime_to_rules_best_ts,union,5.925647938966899,0.9720685548114856,0.069941237894392,100.0,97.20685548114857,6.798767804172795,10.497737556561086,11.0,anchor_ts+lime_to_rules_best_ts_union_5dc42d1f2867.pickle,normalized_metric_con_cov_xratio,best
GunPointAgeSpan,univariate,lime_to_rules_best_ts+shap_to_rules_best_ts,union,16.541338124719534,0.6970710559654094,0.4100294985250738,92.92035398230088,64.77208927112211,26.55846728225951,18.76991150442478,14.0,lime_to_rules_best_ts+shap_to_rules_best_ts_union_5dc42d1f2867.pickle,normalized_metric_con_cov_xratio,best
ProximalPhalanxTW,univariate,anchor_ts+lime_to_rules_best_ts+shap_to_rules_best_ts,intersection,16.586283528017276,0.7299147138087979,0.3348997493734336,69.07894736842105,50.42174009863407,16.886228122004955,0.9342105263157896,1.0,anchor_ts+lime_to_rules_best_ts+shap_to_rules_best_ts_intersection_5dc42d1f2867.pickle,normalized_metric_con_cov_xratio,middle
DodgerLoopGame,univariate,lime_to_rules_best_ts+shap_to_rules_best_ts,best,4.818278356581034,0.9380085968321262,0.0797297297297297,92.5,86.76579520697167,6.917813401636932,32.95,8.0,lime_to_rules_best_ts+shap_to_rules_best_ts_best_5dc42d1f2867.pickle,normalized_metric_con_cov_xratio,middle
DodgerLoopGame,univariate,lime_to_rules_best_ts+shap_to_rules_best_ts,lasso_global,9.67361111111111,0.8284144718146602,0.3044117647058824,42.5,35.20761505212306,10.71761222910217,0.925,0.0,lime_to_rules_best_ts+shap_to_rules_best_ts_lasso_global_5dc42d1f2867.pickle,normalized_metric_con_cov_xratio,middle
Wafer,univariate,lime_to_rules_best_ts+shap_to_rules_best_ts,weighted,12.480769549686944,0.9018277010196644,0.1977737087647875,88.7213847012842,80.01140239644036,15.824151795415816,5.736460078168621,4.0,lime_to_rules_best_ts+shap_to_rules_best_ts_weighted_5dc42d1f2867.pickle,normalized_metric_con_cov_xratio,middle
DistalPhalanxOutlineAgeGroup,univariate,anchor_ts,benchmark,22.957769762464373,0.915333616473344,0.266556927297668,100.0,91.5333616473344,24.398851625939677,2.0148148148148146,2.0,anchor_ts_best_5dc42d1f2867.pickle,normalized_metric_con_cov_xratio,worst
DistalPhalanxOutlineAgeGroup,univariate,anchor_ts,lasso,23.35283149085944,0.9069345614752272,0.2724279835390946,100.0,90.69345614752272,24.70743537846092,1.8444444444444448,2.0,anchor_ts_lasso_5dc42d1f2867.pickle,normalized_metric_con_cov_xratio,worst
DistalPhalanxOutlineAgeGroup,univariate,anchor_ts,lasso_global,12.570785213078938,0.7649001446907089,0.453817082388511,36.2962962962963,27.76304228877388,12.59934284972021,0.4592592592592592,0.0,anchor_ts_lasso_global_5dc42d1f2867.pickle,normalized_metric_con_cov_xratio,worst
Libras,multivariate,anchor_ts,benchmark,1.3843243943433143,0.8554022366522367,0.0414141414141414,48.888888888888886,41.81966490299824,1.731925516184775,5.7,0.0,anchor_ts_best_5dc42d1f2867.pickle,normalized_metric_con_cov_xratio,worst
DodgerLoopGame,univariate,lime_to_rules_best_ts,benchmark,5.153699140507254,0.8473869693079252,0.1429687499999999,80.0,67.79095754463401,9.691988461459394,31.35,6.0,lime_to_rules_best_ts_best_5dc42d1f2867.pickle,normalized_metric_con_cov_xratio,benchmark
DodgerLoopGame,univariate,shap_to_rules_best_ts,benchmark,2.564673913043478,0.924561403508772,0.0618421052631579,47.5,43.91666666666666,2.7158991228070177,2.8,0.0,shap_to_rules_best_ts_best_5dc42d1f2867.pickle,normalized_metric_con_cov_xratio,benchmark
DodgerLoopGame,univariate,anchor_ts,benchmark,2.8125,0.8616477272727273,0.165625,20.0,17.232954545454547,2.8542080965909093,0.475,0.0,anchor_ts_best_5dc42d1f2867.pickle,normalized_metric_con_cov_xratio,benchmark
ProximalPhalanxTW,univariate,anchor_ts,benchmark,15.303782495530635,0.8121348698247418,0.2065158615717375,96.05263157894736,78.00769144369231,16.109825607716378,3.8289473684210527,2.0,anchor_ts_best_5dc42d1f2867.pickle,normalized_metric_con_cov_xratio,benchmark
ProximalPhalanxTW,univariate,lime_to_rules_best_ts,benchmark,2.102624058287825,0.7572138733540884,0.0423736149584487,100.0,75.72138733540883,3.2085889110701724,15.236842105263158,15.0,lime_to_rules_best_ts_best_5dc42d1f2867.pickle,normalized_metric_con_cov_xratio,benchmark
ProximalPhalanxTW,univariate,shap_to_rules_best_ts,benchmark,13.443186819731878,0.6441845625349277,0.2706038351693186,84.86842105263158,54.67092668881952,14.794162434255222,4.8618421052631575,3.0,shap_to_rules_best_ts_best_5dc42d1f2867.pickle,normalized_metric_con_cov_xratio,benchmark
DodgerLoopDay,univariate,shap_to_rules_best_ts,benchmark,1.5961605214366177,0.9645833333333332,0.031875,100.0,96.45833333333331,3.074609375,46.4,30.0,shap_to_rules_best_ts_best_5dc42d1f2867.pickle,normalized_metric_con_cov_xratio,benchmark
DodgerLoopDay,univariate,lime_to_rules_best_ts,benchmark,0.8697119154274865,0.9452991452991452,0.0314102564102564,97.5,92.16666666666666,2.894978632478632,71.5,43.0,lime_to_rules_best_ts_best_5dc42d1f2867.pickle,normalized_metric_con_cov_xratio,benchmark
DodgerLoopDay,univariate,anchor_ts,benchmark,1.6125,0.7033068783068782,0.1222222222222222,22.5,15.82440476190476,1.9340939153439152,0.7,0.0,anchor_ts_best_5dc42d1f2867.pickle,normalized_metric_con_cov_xratio,benchmark
ECGFiveDays,univariate,anchor_ts,benchmark,18.472185254192173,0.9504670620846288,0.1983988861816915,100.0,95.0467062084629,18.85716064699751,2.248868778280543,2.0,anchor_ts_best_5dc42d1f2867.pickle,normalized_metric_con_cov_xratio,benchmark
ECGFiveDays,univariate,shap_to_rules_best_ts,benchmark,8.834984350363808,0.8808901682669298,0.1066931471509592,100.0,88.08901682669298,9.398494434673676,5.475113122171946,5.0,shap_to_rules_best_ts_best_5dc42d1f2867.pickle,normalized_metric_con_cov_xratio,benchmark
ECGFiveDays,univariate,lime_to_rules_best_ts,benchmark,14.130806349368925,0.6302180318081526,0.2737658934092258,100.0,63.02180318081526,17.25322025205628,8.266968325791856,8.0,lime_to_rules_best_ts_best_5dc42d1f2867.pickle,normalized_metric_con_cov_xratio,benchmark
GunPointAgeSpan,univariate,anchor_ts,benchmark,24.30749688225556,0.7818133528426997,0.3585740524294539,93.80530973451329,73.33824371798777,26.297191248017818,1.9292035398230087,2.0,anchor_ts_best_5dc42d1f2867.pickle,normalized_metric_con_cov_xratio,benchmark
GunPointAgeSpan,univariate,shap_to_rules_best_ts,benchmark,13.815265525199216,0.7451361126485312,0.3502242696084373,64.60176991150442,48.13711170207325,16.858784786918367,8.761061946902656,8.0,shap_to_rules_best_ts_best_5dc42d1f2867.pickle,normalized_metric_con_cov_xratio,benchmark
GunPointAgeSpan,univariate,lime_to_rules_best_ts,benchmark,18.69384155262664,0.6181863322107304,0.5110365171396603,76.99115044247787,47.594876904719946,24.32272012707893,11.017699115044248,8.0,lime_to_rules_best_ts_best_5dc42d1f2867.pickle,normalized_metric_con_cov_xratio,benchmark
DistalPhalanxOutlineAgeGroup,univariate,anchor_ts,benchmark,22.957769762464373,0.915333616473344,0.266556927297668,100.0,91.5333616473344,24.398851625939677,2.0148148148148146,2.0,anchor_ts_best_5dc42d1f2867.pickle,normalized_metric_con_cov_xratio,benchmark
Wafer,univariate,shap_to_rules_best_ts,benchmark,26.48977845759566,0.9515156702217992,0.2847574306796717,100.0,95.15156702217992,27.095115750380533,14.579006141820212,9.0,shap_to_rules_best_ts_best_5dc42d1f2867.pickle,normalized_metric_con_cov_xratio,benchmark
Wafer,univariate,anchor_ts,benchmark,43.47572871108541,0.9624220218742195,0.4929622938458658,92.4064768285874,88.9340282636423,43.84112257379817,1.7828029034059183,2.0,anchor_ts_best_5dc42d1f2867.pickle,normalized_metric_con_cov_xratio,benchmark
Wafer,univariate,lime_to_rules_best_ts,benchmark,2.099522253595932,0.985757321430721,0.028509302852405,76.10273590173088,75.0188290960398,2.138734518331812,3.112786152987158,2.0,lime_to_rules_best_ts_best_5dc42d1f2867.pickle,normalized_metric_con_cov_xratio,benchmark
Libras,multivariate,anchor_ts,benchmark,1.3843243943433143,0.8554022366522367,0.0414141414141414,48.888888888888886,41.81966490299824,1.731925516184775,5.7,0.0,anchor_ts_best_5dc42d1f2867.pickle,normalized_metric_con_cov_xratio,benchmark
