Dataset,Type,Classes,Test_Samples,Timesteps,Channels,Test_Accuracy,Test_F1_Weighted,Test_Precision_Weighted,Test_Recall_Weighted
ArticularyWordRecognition,Multivariate,25,144,144,9,0.9722222222222222,0.9734913234913236,0.9800347222222222,0.9722222222222222
AtrialFibrillation,Multivariate,3,8,640,2,0.5,0.4125,0.5357142857142857,0.5
BasicMotions,Multivariate,4,20,100,6,1.0,1.0,1.0,1.0
Cricket,Multivariate,12,45,1197,6,0.9111111111111111,0.9069360269360269,0.9311111111111112,0.9111111111111111
ERing,Multivariate,6,75,65,4,0.96,0.960112443778111,0.9675,0.96
Epilepsy,Multivariate,4,69,206,3,0.9130434782608695,0.9099639898532986,0.9133069828722002,0.9130434782608695
EthanolConcentration,Multivariate,4,131,1751,3,0.3282442748091603,0.16223567605510222,0.10774430394499154,0.3282442748091603
FaceDetection,Multivariate,2,2354,62,144,0.5025488530161427,0.33616923557709744,0.2525553496678406,0.5025488530161427
FingerMovements,Multivariate,2,104,50,28,0.5673076923076923,0.5633024058690258,0.5679058844381425,0.5673076923076923
HandMovementDirection,Multivariate,4,59,400,10,0.2542372881355932,0.26327683615819214,0.2940619879179201,0.2542372881355932
Handwriting,Multivariate,26,250,152,3,0.564,0.5510515748131212,0.5770891465259886,0.564
Heartbeat,Multivariate,2,103,405,61,0.7281553398058253,0.698680878007598,0.7014981586876464,0.7281553398058253
LSST,Multivariate,14,1232,36,6,0.22402597402597402,0.19694712287868815,0.23537600805583714,0.22402597402597402
Libras,Multivariate,15,90,45,2,0.6555555555555556,0.6626128990834873,0.7036427769761103,0.6555555555555556
NATOPS,Multivariate,6,90,51,24,0.8666666666666667,0.8638760880696363,0.8649074074074075,0.8666666666666667
PenDigits,Multivariate,10,2748,8,2,0.9861717612809315,0.986185248418039,0.9865591646804002,0.9861717612809315
RacketSports,Multivariate,4,76,30,6,0.8026315789473685,0.7929543902271836,0.8072551169590644,0.8026315789473685
SelfRegulationSCP1,Multivariate,2,141,896,6,0.9078014184397163,0.9074735596279702,0.9094654691314964,0.9078014184397163
SelfRegulationSCP2,Multivariate,2,95,1152,7,0.47368421052631576,0.46978294793587744,0.46963562753036436,0.47368421052631576
UWaveGestureLibrary,Multivariate,8,110,315,3,0.9272727272727272,0.9254794029657913,0.9366383616383617,0.9272727272727272
Adiac,Univariate,37,196,176,1,0.28061224489795916,0.23427570162264041,0.2842867935351481,0.28061224489795916
BME,Univariate,3,45,128,1,0.9111111111111111,0.9106172839506173,0.9149540517961571,0.9111111111111111
Beef,Univariate,5,15,470,1,0.4666666666666667,0.473015873015873,0.5,0.4666666666666667
BeetleFly,Univariate,2,10,512,1,0.8,0.8,0.8666666666666666,0.8
BirdChicken,Univariate,2,10,512,1,0.6,0.5833333333333333,0.619047619047619,0.6
CBF,Univariate,3,233,128,1,1.0,1.0,1.0,1.0
Chinatown,Univariate,2,91,24,1,0.989010989010989,0.9889451963991702,0.9891774891774892,0.989010989010989
ChlorineConcentration,Univariate,3,1077,166,1,0.5301764159702879,0.5264598403175634,0.6083514596972105,0.5301764159702879
Coffee,Univariate,2,14,286,1,0.7857142857142857,0.7354037267080745,0.8351648351648352,0.7857142857142857
Computers,Univariate,2,125,720,1,0.648,0.6480450588837685,0.6484219150025601,0.648
CricketX,Univariate,12,195,300,1,0.6461538461538462,0.6405240866892451,0.6620917996031118,0.6461538461538462
CricketY,Univariate,12,195,300,1,0.6205128205128205,0.6179829586069167,0.6476786727129977,0.6205128205128205
CricketZ,Univariate,12,195,300,1,0.6461538461538462,0.6431865647250262,0.6561047904623756,0.6461538461538462
Crop,Univariate,24,6000,46,1,0.6868333333333333,0.6875407367702443,0.7140753749281136,0.6868333333333333
DiatomSizeReduction,Univariate,4,81,345,1,0.9629629629629629,0.9632129979997197,0.9670781893004115,0.9629629629629629
DistalPhalanxOutlineAgeGroup,Univariate,3,135,80,1,0.7777777777777778,0.7917983546726063,0.8295308641975307,0.7777777777777778
DistalPhalanxOutlineCorrect,Univariate,2,219,80,1,0.771689497716895,0.7733178240043647,0.7878015001302673,0.771689497716895
DistalPhalanxTW,Univariate,6,135,80,1,0.6888888888888889,0.6647482555417532,0.6900820373042595,0.6888888888888889
DodgerLoopDay,Univariate,7,40,288,1,0.575,0.5495726495726496,0.5310714285714286,0.575
DodgerLoopGame,Univariate,2,40,288,1,0.875,0.8746031746031745,0.8753196930946292,0.875
DodgerLoopWeekend,Univariate,2,40,288,1,0.975,0.9754529767040552,0.9775,0.975
ECG200,Univariate,2,50,96,1,0.86,0.8587564282374942,0.8582857142857142,0.86
ECG5000,Univariate,5,1250,140,1,0.9216,0.9318402717652925,0.9468931705640713,0.9216
ECGFiveDays,Univariate,2,221,136,1,0.995475113122172,0.9954736229875616,0.9955131373816495,0.995475113122172
Earthquakes,Univariate,2,116,512,1,0.6982758620689655,0.7172473194927085,0.7396816976127321,0.6982758620689655
ElectricDevices,Univariate,7,4160,96,1,0.846875,0.8486619583430088,0.8543713162714199,0.846875
FaceFour,Univariate,4,28,350,1,0.9285714285714286,0.9327903091060985,0.9523809523809524,0.9285714285714286
FiftyWords,Univariate,47,227,270,1,0.6299559471365639,0.6417109925549797,0.7335880700702359,0.6299559471365639
FordA,Univariate,2,1231,500,1,0.8391551584077985,0.8373080729791388,0.8614456799181756,0.8391551584077985
FordB,Univariate,2,1112,500,1,0.8516187050359713,0.8516159439288777,0.8516145606712641,0.8516187050359713
FreezerRegularTrain,Univariate,2,750,301,1,0.9733333333333334,0.9733333333333334,0.9747186147186147,0.9733333333333334
FreezerSmallTrain,Univariate,2,720,301,1,0.9416666666666667,0.9414769779883708,0.9471727551549549,0.9416666666666667
Fungi,Univariate,18,51,201,1,0.0392156862745098,0.0029596744358120607,0.0015378700499807767,0.0392156862745098
GunPoint,Univariate,2,50,150,1,0.84,0.8392307692307692,0.8632512315270935,0.84
GunPointAgeSpan,Univariate,2,113,150,1,0.9026548672566371,0.9031968349089107,0.9072860984945708,0.9026548672566371
GunPointMaleVersusFemale,Univariate,2,113,150,1,1.0,1.0,1.0,1.0
GunPointOldVersusYoung,Univariate,2,113,150,1,1.0,1.0,1.0,1.0
Herring,Univariate,2,32,512,1,0.5625,0.5552083333333333,0.5522186147186148,0.5625
InsectWingbeatSound,Univariate,11,550,256,1,0.6563636363636364,0.6442687759377023,0.6507129603119428,0.6563636363636364
ItalyPowerDemand,Univariate,2,274,24,1,0.9598540145985401,0.9598102761179355,0.9599992599963473,0.9598540145985401
LargeKitchenAppliances,Univariate,3,188,720,1,0.6382978723404256,0.6402101460867711,0.6437483240059471,0.6382978723404256
Lightning2,Univariate,2,31,637,1,0.5483870967741935,0.5725117176730081,0.7138130686517783,0.5483870967741935
Lightning7,Univariate,7,36,319,1,0.6666666666666666,0.6657560032560033,0.6861111111111111,0.6666666666666666
Meat,Univariate,3,30,448,1,0.6333333333333333,0.5176470588235295,0.44656084656084655,0.6333333333333333
MedicalImages,Univariate,9,286,99,1,0.6503496503496503,0.6625920827787274,0.7763061541032985,0.6503496503496503
MiddlePhalanxOutlineAgeGroup,Univariate,3,139,80,1,0.7841726618705036,0.7913054172046978,0.8029241123230448,0.7841726618705036
MiddlePhalanxOutlineCorrect,Univariate,2,223,80,1,0.7040358744394619,0.6979947454278473,0.6995393684231075,0.7040358744394619
MiddlePhalanxTW,Univariate,6,139,80,1,0.6474820143884892,0.610420572890948,0.5858432299820366,0.6474820143884892
MoteStrain,Univariate,2,318,84,1,0.9528301886792453,0.9528914821132455,0.9531247985694925,0.9528301886792453
OSULeaf,Univariate,6,111,427,1,0.6036036036036037,0.6051183676576072,0.6526054026054027,0.6036036036036037
OliveOil,Univariate,4,15,570,1,0.13333333333333333,0.03137254901960784,0.017777777777777778,0.13333333333333333
PhalangesOutlinesCorrect,Univariate,2,665,80,1,0.6781954887218045,0.6816711468531709,0.6878691452474923,0.6781954887218045
Plane,Univariate,7,53,144,1,0.9433962264150944,0.9420933262558511,0.9564586357039188,0.9433962264150944
PowerCons,Univariate,2,90,144,1,1.0,1.0,1.0,1.0
ProximalPhalanxOutlineAgeGroup,Univariate,3,152,80,1,0.6973684210526315,0.6969941975573913,0.7964202685675938,0.6973684210526315
ProximalPhalanxOutlineCorrect,Univariate,2,223,80,1,0.7174887892376681,0.721902932165468,0.7311447527638228,0.7174887892376681
ProximalPhalanxTW,Univariate,6,152,80,1,0.46710526315789475,0.46492830550717984,0.6047407120743035,0.46710526315789475
RefrigerationDevices,Univariate,3,188,720,1,0.43617021276595747,0.42847157637452205,0.4265790280189827,0.43617021276595747
ScreenType,Univariate,3,188,720,1,0.4095744680851064,0.4177316556491216,0.4371275530849999,0.4095744680851064
ShapeletSim,Univariate,2,50,500,1,0.48,0.4783333333333333,0.4828571428571429,0.48
ShapesAll,Univariate,60,300,512,1,0.66,0.6461428476351078,0.6965770895770896,0.66
SmallKitchenAppliances,Univariate,3,188,720,1,0.5957446808510638,0.5959333775023272,0.5980475314709707,0.5957446808510638
SmoothSubspace,Univariate,3,75,15,1,0.9333333333333333,0.9334487734487734,0.9392156862745098,0.9333333333333333
SonyAIBORobotSurface1,Univariate,2,156,70,1,0.9871794871794872,0.9872009118332647,0.9875510962467484,0.9871794871794872
SonyAIBORobotSurface2,Univariate,2,245,65,1,0.9918367346938776,0.9918571192229063,0.99202017885806,0.9918367346938776
Strawberry,Univariate,2,246,235,1,0.7357723577235772,0.7377004522092876,0.7996977369461385,0.7357723577235772
SwedishLeaf,Univariate,15,282,128,1,0.8333333333333334,0.8298480656852137,0.8534549282907428,0.8333333333333334
Symbols,Univariate,6,255,398,1,0.9490196078431372,0.948646060556173,0.9527215499137088,0.9490196078431372
SyntheticControl,Univariate,6,150,60,1,0.8933333333333333,0.8896286676286677,0.9027084227084227,0.8933333333333333
ToeSegmentation2,Univariate,2,42,343,1,0.8571428571428571,0.8653061224489795,0.8781512605042017,0.8571428571428571
Trace,Univariate,4,50,275,1,0.68,0.584,0.5428571428571428,0.68
TwoLeadECG,Univariate,2,291,82,1,0.9003436426116839,0.8988068547450153,0.9162229523054265,0.9003436426116839
TwoPatterns,Univariate,4,1250,128,1,0.9984,0.9983999806445123,0.9984050759175465,0.9984
UMD,Univariate,3,45,150,1,0.9111111111111111,0.9151515151515152,0.9365079365079364,0.9111111111111111
UWaveGestureLibraryAll,Univariate,8,1120,945,1,0.9553571428571429,0.9553753951355592,0.9558042008928268,0.9553571428571429
UWaveGestureLibraryX,Univariate,8,1120,315,1,0.8089285714285714,0.8004295259747192,0.8056203946005372,0.8089285714285714
UWaveGestureLibraryY,Univariate,8,1120,315,1,0.7196428571428571,0.7088796991336718,0.7208405276986749,0.7196428571428571
UWaveGestureLibraryZ,Univariate,8,1120,315,1,0.75625,0.7437445587563256,0.750229743383288,0.75625
Wafer,Univariate,2,1791,152,1,1.0,1.0,1.0,1.0
Wine,Univariate,2,28,234,1,0.6071428571428571,0.45873015873015877,0.36862244897959184,0.6071428571428571
WordSynonyms,Univariate,25,227,270,1,0.6784140969162996,0.667364032496885,0.694842340475361,0.6784140969162996
Worms,Univariate,5,65,900,1,0.5230769230769231,0.5265452114468094,0.579878369493754,0.5230769230769231
WormsTwoClass,Univariate,2,65,900,1,0.5076923076923077,0.5076923076923077,0.5076923076923077,0.5076923076923077
Yoga,Univariate,2,825,426,1,0.9090909090909091,0.9090831237212026,0.9090780207352162,0.9090909090909091
